#
# A fatal error has been detected by the Java Runtime Environment:
#
#  EXCEPTION_ACCESS_VIOLATION (0xc0000005) at pc=0x00007ffb540cc447, pid=8956, tid=1448
#
# JRE version: OpenJDK Runtime Environment (17.0.11) (build 17.0.11+0--11852314)
# Java VM: OpenJDK 64-Bit Server VM (17.0.11+0--11852314, mixed mode, tiered, compressed oops, compressed class ptrs, g1 gc, windows-amd64)
# Problematic frame:
# V  [jvm.dll+0x6ac447]
#
# No core dump will be written. Minidumps are not enabled by default on client versions of Windows
#
# If you would like to submit a bug report, please visit:
#   https://bugreport.java.com/bugreport/crash.jsp
#

---------------  S U M M A R Y ------------

Command Line: --add-opens=java.base/java.util=ALL-UNNAMED --add-opens=java.base/java.lang=ALL-UNNAMED --add-opens=java.base/java.lang.invoke=ALL-UNNAMED --add-opens=java.prefs/java.util.prefs=ALL-UNNAMED --add-opens=java.base/java.nio.charset=ALL-UNNAMED --add-opens=java.base/java.net=ALL-UNNAMED --add-opens=java.base/java.util.concurrent.atomic=ALL-UNNAMED -Xmx2048m -Dfile.encoding=UTF-8 -Duser.country=ES -Duser.language=es -Duser.variant -javaagent:D:\PMUL\.gradle\wrapper\dists\gradle-8.7-bin\bhs2wmbdwecv87pi65oeuq5iu\gradle-8.7\lib\agents\gradle-instrumentation-agent-8.7.jar org.gradle.launcher.daemon.bootstrap.GradleDaemon 8.7

Host: Intel(R) Core(TM) i5-10500 CPU @ 3.10GHz, 12 cores, 15G,  Windows 11 , 64 bit Build 22621 (10.0.22621.5415)
Time: Thu Dec 11 10:01:40 2025 Hora estándar romance elapsed time: 2591.755880 seconds (0d 0h 43m 11s)

---------------  T H R E A D  ---------------

Current thread (0x0000021dfb6a7700):  JavaThread "C2 CompilerThread2" daemon [_thread_in_native, id=1448, stack(0x00000061ac900000,0x00000061aca00000)]


Current CompileTask:
C2:2591776 18883       4       org.gradle.internal.component.external.model.AbstractConfigurationMetadata::getVariants (35 bytes)

Stack: [0x00000061ac900000,0x00000061aca00000],  sp=0x00000061ac9fb2d0,  free space=1004k
Native frames: (J=compiled Java code, j=interpreted, Vv=VM code, C=native code)
V  [jvm.dll+0x6ac447]
V  [jvm.dll+0x6aaaef]
V  [jvm.dll+0x21db51]
V  [jvm.dll+0x21b201]
V  [jvm.dll+0x1a63ed]
V  [jvm.dll+0x22b1ee]
V  [jvm.dll+0x229375]
V  [jvm.dll+0x7f5647]
V  [jvm.dll+0x7efa4a]
V  [jvm.dll+0x686a35]
C  [ucrtbase.dll+0x29333]
C  [KERNEL32.DLL+0x1259d]
C  [ntdll.dll+0x5af78]


siginfo: EXCEPTION_ACCESS_VIOLATION (0xc0000005), reading address 0x00000215fc52af38


Registers:
RAX=0x0000021df927a2e0, RBX=0x0000021dfee6f158, RCX=0x0000021dfc52ae28, RDX=0x0000000000000027
RSP=0x00000061ac9fb2d0, RBP=0x00000061ac9fb369, RSI=0x0000021dfa652130, RDI=0x00000215fc52af10
R8 =0x0000021df363c750, R9 =0x0000021dfb689f70, R10=0x0000021df363c718, R11=0x00000061ac9fca10
R12=0x0000021dfdbbf640, R13=0x00000061ac9fca10, R14=0x0000021df38bac68, R15=0x0000021dfa652158
RIP=0x00007ffb540cc447, EFLAGS=0x0000000000010297


Register to memory mapping:

RIP=0x00007ffb540cc447 jvm.dll
RAX=0x0000021df927a2e0 points into unknown readable memory: 0x0000021df363c750 | 50 c7 63 f3 1d 02 00 00
RBX=0x0000021dfee6f158 points into unknown readable memory: 0x00007ffb543f9b68 | 68 9b 3f 54 fb 7f 00 00
RCX=0x0000021dfc52ae28 points into unknown readable memory: 0x00007ffb5435b0f0 | f0 b0 35 54 fb 7f 00 00
RDX=0x0000000000000027 is an unknown value
RSP=0x00000061ac9fb2d0 is pointing into the stack for thread: 0x0000021dfb6a7700
RBP=0x00000061ac9fb369 is pointing into the stack for thread: 0x0000021dfb6a7700
RSI=0x0000021dfa652130 points into unknown readable memory: 0x00000215fc52af10 | 10 af 52 fc 15 02 00 00
RDI=0x00000215fc52af10 is an unknown value
R8 =0x0000021df363c750 points into unknown readable memory: 0x00007ffb542ce2e0 | e0 e2 2c 54 fb 7f 00 00
R9 =0x0000021dfb689f70 points into unknown readable memory: 0x0000021dfb6899f8 | f8 99 68 fb 1d 02 00 00
R10=0x0000021df363c718 points into unknown readable memory: 0x00007ffb542ce2e0 | e0 e2 2c 54 fb 7f 00 00
R11=0x00000061ac9fca10 is pointing into the stack for thread: 0x0000021dfb6a7700
R12=0x0000021dfdbbf640 points into unknown readable memory: 0x00007ffb5436cda8 | a8 cd 36 54 fb 7f 00 00
R13=0x00000061ac9fca10 is pointing into the stack for thread: 0x0000021dfb6a7700
R14=0x0000021df38bac68 points into unknown readable memory: 0x00007ffb543e29c8 | c8 29 3e 54 fb 7f 00 00
R15=0x0000021dfa652158 points into unknown readable memory: 0x0000021df874f280 | 80 f2 74 f8 1d 02 00 00


Top of Stack: (sp=0x00000061ac9fb2d0)
0x00000061ac9fb2d0:   0000000000000004 0000021dd9263bf0
0x00000061ac9fb2e0:   00000061ac9fb369 0000021dd9263bf0
0x00000061ac9fb2f0:   0000000000000000 0000000000000000
0x00000061ac9fb300:   0000021dfa212760 0000000000000200
0x00000061ac9fb310:   0000021dfbdb5890 0000000000000014
0x00000061ac9fb320:   0000000000000080 0000021dfbdb5690
0x00000061ac9fb330:   0000000000000080 0000021dfa212760
0x00000061ac9fb340:   0000021d00000005 0000021dfb6b0290
0x00000061ac9fb350:   0000021dfdbbf640 0000021df38bacd8
0x00000061ac9fb360:   0000021df38bfff8 0000021df38bace0
0x00000061ac9fb370:   00000061ac9fd438 0000021df92722f0
0x00000061ac9fb380:   0000021d00000000 0000000000000000
0x00000061ac9fb390:   0000021dfdbbf640 0000021dd9263bf0
0x00000061ac9fb3a0:   0000000000000050 00000061ac9fca10
0x00000061ac9fb3b0:   00007ffb5436d010 00000061ac9fb5b0
0x00000061ac9fb3c0:   00000061ac9fb500 00007ffb540caaef
0x00000061ac9fb3d0:   00000061ac9fca10 0000021dfdbbf600
0x00000061ac9fb3e0:   0000021df38bac68 0000021dd9263bf0
0x00000061ac9fb3f0:   00007ffb5436d038 00007ffb53c3db51
0x00000061ac9fb400:   00000061ac9fe570 00000061ac9fb500
0x00000061ac9fb410:   00007ffb5436d010 00000061ac9fb500
0x00000061ac9fb420:   0000021d00000000 00007ffbbb069881
0x00000061ac9fb430:   000000610000000f 00000061ac9fe570
0x00000061ac9fb440:   00000061ac9fb5b0 0000021df8ef5c20
0x00000061ac9fb450:   0000021df8ef5dc8 0000021df8ef61f8
0x00000061ac9fb460:   0000021df8ef6260 0000021df8ef5e38
0x00000061ac9fb470:   0000021df8ef5ca8 0000021df8ef5d10
0x00000061ac9fb480:   0000021df8ef6308 0000021df8ef60e8
0x00000061ac9fb490:   0000021dfa01f600 00007ffb53acc6d9
0x00000061ac9fb4a0:   0000021dd9230000 0000000000000000
0x00000061ac9fb4b0:   0000021dd923ae80 0000000000007f00
0x00000061ac9fb4c0:   0000021df9a98558 00007ffb5436d010 

Instructions: (pc=0x00007ffb540cc447)
0x00007ffb540cc347:   8b 45 bf 48 8d 14 88 8b 04 88 44 0f b3 c0 89 02
0x00007ffb540cc357:   41 8b 46 2c 83 e0 03 3c 03 75 63 41 8b 7e 28 8b
0x00007ffb540cc367:   df c1 eb 05 41 3b 5f 20 72 0b 8b d3 49 8d 4f 20
0x00007ffb540cc377:   e8 24 d8 17 00 49 8b 47 28 83 e7 1f 48 8d 14 98
0x00007ffb540cc387:   40 0f b6 cf 41 b8 01 00 00 00 41 d3 e0 8b 0a 8b
0x00007ffb540cc397:   c1 41 0b c0 89 02 41 85 c8 75 23 41 8b 5f 18 8d
0x00007ffb540cc3a7:   43 01 41 89 47 18 41 3b 5f 08 72 0a 8b d3 49 8b
0x00007ffb540cc3b7:   cf e8 b3 8d fb ff 49 8b 47 10 4c 89 34 d8 49 8b
0x00007ffb540cc3c7:   06 49 8b d5 49 8b ce ff 50 40 41 8b 56 28 49 8b
0x00007ffb540cc3d7:   4d 50 48 3b 04 d1 0f 84 68 06 00 00 49 8d 4d 40
0x00007ffb540cc3e7:   4c 8b c0 e8 41 e6 af ff 49 8b 4e 10 41 8b 46 20
0x00007ffb540cc3f7:   48 89 4d ef 48 8d 04 c1 48 89 45 ff 48 3b c8 0f
0x00007ffb540cc407:   83 3f 06 00 00 0f 1f 40 00 4c 8b 21 4c 89 65 e7
0x00007ffb540cc417:   41 8b 4c 24 2c 8b c1 24 3f 3c 20 0f 85 a8 00 00
0x00007ffb540cc427:   00 49 8b 74 24 10 41 8b 44 24 20 4c 8d 3c c6 49
0x00007ffb540cc437:   3b f7 0f 83 91 00 00 00 90 48 8b 3e 49 8b 45 50
0x00007ffb540cc447:   8b 4f 28 48 8b 1c c8 48 8b cf 48 8b 07 ff 50 28
0x00007ffb540cc457:   48 3b c3 74 62 44 8b 77 28 41 8b de c1 eb 05 3b
0x00007ffb540cc467:   5d b7 72 0b 8b d3 48 8d 4d b7 e8 2a d7 17 00 48
0x00007ffb540cc477:   8b 45 bf 41 83 e6 1f 48 8d 14 98 41 0f b6 ce 41
0x00007ffb540cc487:   b8 01 00 00 00 41 d3 e0 8b 0a 8b c1 41 0b c0 89
0x00007ffb540cc497:   02 41 85 c8 75 21 8b 5d af 8d 43 01 89 45 af 3b
0x00007ffb540cc4a7:   5d 9f 72 0b 8b d3 48 8d 4d 97 e8 ba 8c fb ff 48
0x00007ffb540cc4b7:   8b 45 a7 48 89 3c d8 48 83 c6 08 49 3b f7 0f 82
0x00007ffb540cc4c7:   75 ff ff ff 41 8b 4c 24 2c 83 e1 07 80 f9 07 0f
0x00007ffb540cc4d7:   85 b8 00 00 00 49 8b 7c 24 10 41 8b 44 24 20 4c
0x00007ffb540cc4e7:   8d 3c c7 49 3b ff 0f 83 a1 00 00 00 0f 1f 40 00
0x00007ffb540cc4f7:   66 0f 1f 84 00 00 00 00 00 48 8b 0f 8b 41 2c 24
0x00007ffb540cc507:   0f 3c 08 0f 85 77 00 00 00 83 79 38 00 75 71 ba
0x00007ffb540cc517:   3d 00 00 00 e8 50 89 fb ff 4c 8b f0 48 85 c0 74
0x00007ffb540cc527:   5f 8b 70 28 8b de c1 eb 05 3b 5d b7 72 0b 8b d3
0x00007ffb540cc537:   48 8d 4d b7 e8 60 d6 17 00 48 8b 45 bf 83 e6 1f 


Stack slot to memory mapping:
stack at sp + 0 slots: 0x0000000000000004 is an unknown value
stack at sp + 1 slots: 0x0000021dd9263bf0 points into unknown readable memory: 0x00007ffb5437f910 | 10 f9 37 54 fb 7f 00 00
stack at sp + 2 slots: 0x00000061ac9fb369 is pointing into the stack for thread: 0x0000021dfb6a7700
stack at sp + 3 slots: 0x0000021dd9263bf0 points into unknown readable memory: 0x00007ffb5437f910 | 10 f9 37 54 fb 7f 00 00
stack at sp + 4 slots: 0x0 is NULL
stack at sp + 5 slots: 0x0 is NULL
stack at sp + 6 slots: 0x0000021dfa212760 points into unknown readable memory: 0x0000003800000006 | 06 00 00 00 38 00 00 00
stack at sp + 7 slots: 0x0000000000000200 is an unknown value


---------------  P R O C E S S  ---------------

Threads class SMR info:
_java_thread_list=0x0000021df811beb0, length=98, elements={
0x0000021dd924c970, 0x0000021df32dda70, 0x0000021df32de800, 0x0000021df35f12a0,
0x0000021df35f3180, 0x0000021df35f3c50, 0x0000021df35f6620, 0x0000021df35f73c0,
0x0000021df35f8e80, 0x0000021df35fc5d0, 0x0000021df36e7be0, 0x0000021df3914850,
0x0000021df9554bf0, 0x0000021dfa3d8a50, 0x0000021dfa1e9a00, 0x0000021dfa914da0,
0x0000021dfa9152b0, 0x0000021dfa917620, 0x0000021dfa918f70, 0x0000021dfa9157c0,
0x0000021dfa914380, 0x0000021dfaef23d0, 0x0000021dfa918a60, 0x0000021dfaef2df0,
0x0000021dfbea2400, 0x0000021dfbea4770, 0x0000021dfe95c660, 0x0000021dfe95f900,
0x0000021dfe95e9d0, 0x0000021dfe95eee0, 0x0000021dfe95a800, 0x0000021dfe95cb70,
0x0000021dfe95d080, 0x0000021dfe95d590, 0x0000021dfe95b730, 0x0000021dfe95bc40,
0x0000021dfe95f3f0, 0x0000021dfe95daa0, 0x0000021dfe959de0, 0x0000021dfe960830,
0x0000021dfe960d40, 0x0000021dfe95e4c0, 0x0000021dfe95fe10, 0x0000021dfe960320,
0x0000021dfe961760, 0x0000021dfe95a2f0, 0x0000021dfe95c150, 0x0000021dfe95b220,
0x0000021dfe95dfb0, 0x0000021dfe95ad10, 0x0000021dfbea60c0, 0x0000021dfbea3330,
0x0000021dfbea3840, 0x0000021dfbea7a10, 0x0000021dfbea4260, 0x0000021dfbea5bb0,
0x0000021dfbea65d0, 0x0000021dfbea56a0, 0x0000021dfbea6ff0, 0x0000021dfbea7500,
0x0000021dfbea4c80, 0x0000021dfbea1ef0, 0x0000021dfbea7f20, 0x0000021dfbea8430,
0x0000021dfbea2910, 0x0000021dfbea0fc0, 0x0000021dfbea8940, 0x0000021dfbea2e20,
0x0000021dfbea14d0, 0x0000021dfbea19e0, 0x0000021dfaef65a0, 0x0000021dfaef0060,
0x0000021dfaef19b0, 0x0000021dfaef5160, 0x0000021dfaef3300, 0x0000021dfaef3810,
0x0000021dfaef3d20, 0x0000021dfaef4230, 0x0000021dfaef6fc0, 0x0000021dfaef74d0,
0x0000021dfa9166f0, 0x0000021dfa913450, 0x0000021dfa915cd0, 0x0000021dfa916c00,
0x0000021dfa917110, 0x0000021dfa918550, 0x0000021dfa919480, 0x0000021dfa917b30,
0x0000021dfa912a30, 0x0000021dfa919990, 0x0000021dfa913960, 0x0000021dfa912520,
0x0000021dfa913e70, 0x0000021dfe71a6e0, 0x0000021dfe717950, 0x0000021dfb6a3740,
0x0000021dfb6a7700, 0x0000021dfe71e8b0
}

Java Threads: ( => current thread )
  0x0000021dd924c970 JavaThread "main" [_thread_blocked, id=8352, stack(0x00000061a5300000,0x00000061a5400000)]
  0x0000021df32dda70 JavaThread "Reference Handler" daemon [_thread_blocked, id=3312, stack(0x00000061a5a00000,0x00000061a5b00000)]
  0x0000021df32de800 JavaThread "Finalizer" daemon [_thread_blocked, id=200, stack(0x00000061a5b00000,0x00000061a5c00000)]
  0x0000021df35f12a0 JavaThread "Signal Dispatcher" daemon [_thread_blocked, id=4100, stack(0x00000061a5c00000,0x00000061a5d00000)]
  0x0000021df35f3180 JavaThread "Attach Listener" daemon [_thread_blocked, id=6384, stack(0x00000061a5d00000,0x00000061a5e00000)]
  0x0000021df35f3c50 JavaThread "Service Thread" daemon [_thread_blocked, id=9376, stack(0x00000061a5e00000,0x00000061a5f00000)]
  0x0000021df35f6620 JavaThread "Monitor Deflation Thread" daemon [_thread_blocked, id=12416, stack(0x00000061a5f00000,0x00000061a6000000)]
  0x0000021df35f73c0 JavaThread "C2 CompilerThread0" daemon [_thread_blocked, id=8100, stack(0x00000061a6000000,0x00000061a6100000)]
  0x0000021df35f8e80 JavaThread "C1 CompilerThread0" daemon [_thread_blocked, id=11540, stack(0x00000061a6100000,0x00000061a6200000)]
  0x0000021df35fc5d0 JavaThread "Sweeper thread" daemon [_thread_blocked, id=3516, stack(0x00000061a6200000,0x00000061a6300000)]
  0x0000021df36e7be0 JavaThread "Common-Cleaner" daemon [_thread_blocked, id=11564, stack(0x00000061a6300000,0x00000061a6400000)]
  0x0000021df3914850 JavaThread "Notification Thread" daemon [_thread_blocked, id=7316, stack(0x00000061a6400000,0x00000061a6500000)]
  0x0000021df9554bf0 JavaThread "Daemon health stats" [_thread_blocked, id=12492, stack(0x00000061a6d00000,0x00000061a6e00000)]
  0x0000021dfa3d8a50 JavaThread "Incoming local TCP Connector on port 63826" [_thread_in_native, id=9748, stack(0x00000061a6e00000,0x00000061a6f00000)]
  0x0000021dfa1e9a00 JavaThread "Daemon periodic checks" [_thread_blocked, id=8696, stack(0x00000061a6f00000,0x00000061a7000000)]
  0x0000021dfa914da0 JavaThread "Cache worker for journal cache (D:\pmul\.gradle\caches\journal-1)" [_thread_blocked, id=5960, stack(0x00000061a7d00000,0x00000061a7e00000)]
  0x0000021dfa9152b0 JavaThread "File lock request listener" [_thread_in_native, id=1440, stack(0x00000061a7e00000,0x00000061a7f00000)]
  0x0000021dfa917620 JavaThread "Cache worker for file hash cache (D:\pmul\.gradle\caches\8.7\fileHashes)" [_thread_blocked, id=10364, stack(0x00000061a7f00000,0x00000061a8000000)]
  0x0000021dfa918f70 JavaThread "File watcher server" daemon [_thread_in_native, id=11636, stack(0x00000061a8100000,0x00000061a8200000)]
  0x0000021dfa9157c0 JavaThread "File watcher consumer" daemon [_thread_blocked, id=4372, stack(0x00000061a8200000,0x00000061a8300000)]
  0x0000021dfa914380 JavaThread "Cache worker for file content cache (D:\pmul\.gradle\caches\8.7\fileContent)" [_thread_blocked, id=6048, stack(0x00000061a8600000,0x00000061a8700000)]
  0x0000021dfaef23d0 JavaThread "Memory manager" [_thread_blocked, id=11164, stack(0x00000061a6700000,0x00000061a6800000)]
  0x0000021dfa918a60 JavaThread "pool-3-thread-1" [_thread_blocked, id=13276, stack(0x00000061a9f00000,0x00000061aa000000)]
  0x0000021dfaef2df0 JavaThread "pool-6-thread-1" [_thread_blocked, id=4172, stack(0x00000061a9200000,0x00000061a9300000)]
  0x0000021dfbea2400 JavaThread "pool-9-thread-1" [_thread_blocked, id=6640, stack(0x00000061a9300000,0x00000061a9400000)]
  0x0000021dfbea4770 JavaThread "pool-12-thread-1" [_thread_blocked, id=8648, stack(0x00000061a9400000,0x00000061a9500000)]
  0x0000021dfe95c660 JavaThread "Daemon Thread 5" [_thread_blocked, id=5256, stack(0x00000061a5000000,0x00000061a5100000)]
  0x0000021dfe95f900 JavaThread "Handler for socket connection from /127.0.0.1:63826 to /127.0.0.1:61956" [_thread_in_native, id=8884, stack(0x00000061a5100000,0x00000061a5200000)]
  0x0000021dfe95e9d0 JavaThread "Cancel handler" [_thread_blocked, id=12152, stack(0x00000061a5200000,0x00000061a5300000)]
  0x0000021dfe95eee0 JavaThread "Daemon worker Thread 5" [_thread_blocked, id=2912, stack(0x00000061a6600000,0x00000061a6700000)]
  0x0000021dfe95a800 JavaThread "Asynchronous log dispatcher for DefaultDaemonConnection: socket connection from /127.0.0.1:63826 to /127.0.0.1:61956" [_thread_blocked, id=3540, stack(0x00000061a7000000,0x00000061a7100000)]
  0x0000021dfe95cb70 JavaThread "Stdin handler" [_thread_blocked, id=13184, stack(0x00000061a7100000,0x00000061a7200000)]
  0x0000021dfe95d080 JavaThread "Daemon client event forwarder" [_thread_blocked, id=8024, stack(0x00000061a7200000,0x00000061a7300000)]
  0x0000021dfe95d590 JavaThread "Cache worker for file hash cache (D:\yotermart\Repositorios\Android-YagoOteroMartinez\AAExamen1\.gradle\8.7\fileHashes)" [_thread_blocked, id=12564, stack(0x00000061a7300000,0x00000061a7400000)]
  0x0000021dfe95b730 JavaThread "Cache worker for checksums cache (D:\yotermart\Repositorios\Android-YagoOteroMartinez\AAExamen1\.gradle\8.7\checksums)" [_thread_blocked, id=8760, stack(0x00000061a7400000,0x00000061a7500000)]
  0x0000021dfe95bc40 JavaThread "Cache worker for cache directory md-supplier (D:\pmul\.gradle\caches\8.7\md-supplier)" [_thread_blocked, id=12260, stack(0x00000061a7500000,0x00000061a7600000)]
  0x0000021dfe95f3f0 JavaThread "Cache worker for cache directory md-rule (D:\pmul\.gradle\caches\8.7\md-rule)" [_thread_blocked, id=12656, stack(0x00000061a7600000,0x00000061a7700000)]
  0x0000021dfe95daa0 JavaThread "Cache worker for Build Output Cleanup Cache (D:\yotermart\Repositorios\Android-YagoOteroMartinez\AAExamen1\.gradle\buildOutputCleanup)" [_thread_blocked, id=12496, stack(0x00000061a8400000,0x00000061a8500000)]
  0x0000021dfe959de0 JavaThread "Unconstrained build operations" [_thread_blocked, id=1792, stack(0x00000061a8500000,0x00000061a8600000)]
  0x0000021dfe960830 JavaThread "Unconstrained build operations Thread 2" [_thread_blocked, id=4876, stack(0x00000061a8700000,0x00000061a8800000)]
  0x0000021dfe960d40 JavaThread "Unconstrained build operations Thread 3" [_thread_blocked, id=2904, stack(0x00000061a8800000,0x00000061a8900000)]
  0x0000021dfe95e4c0 JavaThread "Unconstrained build operations Thread 4" [_thread_blocked, id=7172, stack(0x00000061a8900000,0x00000061a8a00000)]
  0x0000021dfe95fe10 JavaThread "Unconstrained build operations Thread 5" [_thread_blocked, id=9380, stack(0x00000061a8a00000,0x00000061a8b00000)]
  0x0000021dfe960320 JavaThread "Unconstrained build operations Thread 6" [_thread_blocked, id=8788, stack(0x00000061a8b00000,0x00000061a8c00000)]
  0x0000021dfe961760 JavaThread "Unconstrained build operations Thread 7" [_thread_blocked, id=2160, stack(0x00000061a8c00000,0x00000061a8d00000)]
  0x0000021dfe95a2f0 JavaThread "Unconstrained build operations Thread 8" [_thread_blocked, id=13148, stack(0x00000061a8d00000,0x00000061a8e00000)]
  0x0000021dfe95c150 JavaThread "Unconstrained build operations Thread 9" [_thread_blocked, id=8092, stack(0x00000061a8e00000,0x00000061a8f00000)]
  0x0000021dfe95b220 JavaThread "Unconstrained build operations Thread 10" [_thread_blocked, id=4032, stack(0x00000061a8f00000,0x00000061a9000000)]
  0x0000021dfe95dfb0 JavaThread "Unconstrained build operations Thread 11" [_thread_blocked, id=2488, stack(0x00000061a9000000,0x00000061a9100000)]
  0x0000021dfe95ad10 JavaThread "build event listener" [_thread_blocked, id=3768, stack(0x00000061a9100000,0x00000061a9200000)]
  0x0000021dfbea60c0 JavaThread "pool-15-thread-1" [_thread_blocked, id=12180, stack(0x00000061a9500000,0x00000061a9600000)]
  0x0000021dfbea3330 JavaThread "build event listener" [_thread_blocked, id=12204, stack(0x00000061a9600000,0x00000061a9700000)]
  0x0000021dfbea3840 JavaThread "included builds" [_thread_blocked, id=12176, stack(0x00000061a9700000,0x00000061a9800000)]
  0x0000021dfbea7a10 JavaThread "Execution worker" [_thread_blocked, id=11596, stack(0x00000061a9800000,0x00000061a9900000)]
  0x0000021dfbea4260 JavaThread "Execution worker Thread 2" [_thread_blocked, id=11592, stack(0x00000061a9900000,0x00000061a9a00000)]
  0x0000021dfbea5bb0 JavaThread "Execution worker Thread 3" [_thread_blocked, id=7788, stack(0x00000061a9a00000,0x00000061a9b00000)]
  0x0000021dfbea65d0 JavaThread "Execution worker Thread 4" [_thread_blocked, id=11556, stack(0x00000061a9b00000,0x00000061a9c00000)]
  0x0000021dfbea56a0 JavaThread "Execution worker Thread 5" [_thread_blocked, id=5556, stack(0x00000061a9c00000,0x00000061a9d00000)]
  0x0000021dfbea6ff0 JavaThread "Execution worker Thread 6" [_thread_blocked, id=2004, stack(0x00000061a9d00000,0x00000061a9e00000)]
  0x0000021dfbea7500 JavaThread "Execution worker Thread 7" [_thread_blocked, id=3140, stack(0x00000061a9e00000,0x00000061a9f00000)]
  0x0000021dfbea4c80 JavaThread "Execution worker Thread 8" [_thread_blocked, id=10556, stack(0x00000061aa000000,0x00000061aa100000)]
  0x0000021dfbea1ef0 JavaThread "Execution worker Thread 9" [_thread_blocked, id=9500, stack(0x00000061aa100000,0x00000061aa200000)]
  0x0000021dfbea7f20 JavaThread "Execution worker Thread 10" [_thread_blocked, id=13100, stack(0x00000061aa200000,0x00000061aa300000)]
  0x0000021dfbea8430 JavaThread "Execution worker Thread 11" [_thread_blocked, id=12832, stack(0x00000061aa300000,0x00000061aa400000)]
  0x0000021dfbea2910 JavaThread "Cache worker for execution history cache (D:\yotermart\Repositorios\Android-YagoOteroMartinez\AAExamen1\.gradle\8.7\executionHistory)" [_thread_blocked, id=4764, stack(0x00000061aa400000,0x00000061aa500000)]
  0x0000021dfbea0fc0 JavaThread "Unconstrained build operations Thread 12" [_thread_blocked, id=10476, stack(0x00000061aa500000,0x00000061aa600000)]
  0x0000021dfbea8940 JavaThread "Unconstrained build operations Thread 13" [_thread_blocked, id=12128, stack(0x00000061aa600000,0x00000061aa700000)]
  0x0000021dfbea2e20 JavaThread "Unconstrained build operations Thread 14" [_thread_blocked, id=11672, stack(0x00000061aa700000,0x00000061aa800000)]
  0x0000021dfbea14d0 JavaThread "Unconstrained build operations Thread 15" [_thread_blocked, id=10688, stack(0x00000061aa800000,0x00000061aa900000)]
  0x0000021dfbea19e0 JavaThread "Unconstrained build operations Thread 16" [_thread_blocked, id=3024, stack(0x00000061aa900000,0x00000061aaa00000)]
  0x0000021dfaef65a0 JavaThread "Unconstrained build operations Thread 17" [_thread_blocked, id=3896, stack(0x00000061aaa00000,0x00000061aab00000)]
  0x0000021dfaef0060 JavaThread "Unconstrained build operations Thread 18" [_thread_blocked, id=2620, stack(0x00000061aab00000,0x00000061aac00000)]
  0x0000021dfaef19b0 JavaThread "Unconstrained build operations Thread 19" [_thread_blocked, id=2668, stack(0x00000061aac00000,0x00000061aad00000)]
  0x0000021dfaef5160 JavaThread "Unconstrained build operations Thread 20" [_thread_blocked, id=5904, stack(0x00000061aad00000,0x00000061aae00000)]
  0x0000021dfaef3300 JavaThread "Unconstrained build operations Thread 21" [_thread_blocked, id=10256, stack(0x00000061aae00000,0x00000061aaf00000)]
  0x0000021dfaef3810 JavaThread "Unconstrained build operations Thread 22" [_thread_blocked, id=6432, stack(0x00000061aaf00000,0x00000061ab000000)]
  0x0000021dfaef3d20 JavaThread "WorkerExecutor Queue" [_thread_blocked, id=3892, stack(0x00000061ab600000,0x00000061ab700000)]
  0x0000021dfaef4230 JavaThread "WorkerExecutor Queue Thread 2" [_thread_blocked, id=3044, stack(0x00000061ab800000,0x00000061ab900000)]
  0x0000021dfaef6fc0 JavaThread "WorkerExecutor Queue Thread 3" [_thread_in_native, id=4040, stack(0x00000061ab900000,0x00000061aba00000)]
  0x0000021dfaef74d0 JavaThread "Unconstrained build operations Thread 23" [_thread_blocked, id=9408, stack(0x00000061aba00000,0x00000061abb00000)]
  0x0000021dfa9166f0 JavaThread "Unconstrained build operations Thread 24" [_thread_blocked, id=8096, stack(0x00000061abb00000,0x00000061abc00000)]
  0x0000021dfa913450 JavaThread "Unconstrained build operations Thread 25" [_thread_blocked, id=11352, stack(0x00000061abc00000,0x00000061abd00000)]
  0x0000021dfa915cd0 JavaThread "Unconstrained build operations Thread 26" [_thread_blocked, id=13104, stack(0x00000061abd00000,0x00000061abe00000)]
  0x0000021dfa916c00 JavaThread "Unconstrained build operations Thread 27" [_thread_blocked, id=2736, stack(0x00000061abe00000,0x00000061abf00000)]
  0x0000021dfa917110 JavaThread "Unconstrained build operations Thread 28" [_thread_blocked, id=9144, stack(0x00000061abf00000,0x00000061ac000000)]
  0x0000021dfa918550 JavaThread "Unconstrained build operations Thread 29" [_thread_blocked, id=9848, stack(0x00000061ac000000,0x00000061ac100000)]
  0x0000021dfa919480 JavaThread "Unconstrained build operations Thread 30" [_thread_blocked, id=12984, stack(0x00000061ac100000,0x00000061ac200000)]
  0x0000021dfa917b30 JavaThread "Unconstrained build operations Thread 31" [_thread_blocked, id=3592, stack(0x00000061ac200000,0x00000061ac300000)]
  0x0000021dfa912a30 JavaThread "Unconstrained build operations Thread 32" [_thread_blocked, id=12548, stack(0x00000061ac300000,0x00000061ac400000)]
  0x0000021dfa919990 JavaThread "Unconstrained build operations Thread 33" [_thread_blocked, id=1604, stack(0x00000061ac400000,0x00000061ac500000)]
  0x0000021dfa913960 JavaThread "Unconstrained build operations Thread 34" [_thread_blocked, id=7040, stack(0x00000061ac500000,0x00000061ac600000)]
  0x0000021dfa912520 JavaThread "WorkerExecutor Queue Thread 4" [_thread_blocked, id=7280, stack(0x00000061ac600000,0x00000061ac700000)]
  0x0000021dfa913e70 JavaThread "pool-16-thread-1" [_thread_blocked, id=5972, stack(0x00000061ac700000,0x00000061ac800000)]
  0x0000021dfe71a6e0 JavaThread "stderr" [_thread_in_native, id=3032, stack(0x00000061a8000000,0x00000061a8100000)]
  0x0000021dfe717950 JavaThread "stdout" [_thread_in_native, id=7624, stack(0x00000061a8300000,0x00000061a8400000)]
  0x0000021dfb6a3740 JavaThread "C2 CompilerThread1" daemon [_thread_blocked, id=7572, stack(0x00000061ac800000,0x00000061ac900000)]
=>0x0000021dfb6a7700 JavaThread "C2 CompilerThread2" daemon [_thread_in_native, id=1448, stack(0x00000061ac900000,0x00000061aca00000)]
  0x0000021dfe71e8b0 JavaThread "WorkerExecutor Queue Thread 5" [_thread_blocked, id=5436, stack(0x00000061aca00000,0x00000061acb00000)]

Other Threads:
  0x0000021df32f0bf0 VMThread "VM Thread" [stack: 0x00000061a5900000,0x00000061a5a00000] [id=11460]
  0x0000021df3914d30 WatcherThread [stack: 0x00000061a6500000,0x00000061a6600000] [id=6916]
  0x0000021dd92a6fc0 GCTaskThread "GC Thread#0" [stack: 0x00000061a5400000,0x00000061a5500000] [id=11452]
  0x0000021df87f6130 GCTaskThread "GC Thread#1" [stack: 0x00000061a6800000,0x00000061a6900000] [id=6704]
  0x0000021df87f5e70 GCTaskThread "GC Thread#2" [stack: 0x00000061a6900000,0x00000061a6a00000] [id=13052]
  0x0000021df87f63f0 GCTaskThread "GC Thread#3" [stack: 0x00000061a6a00000,0x00000061a6b00000] [id=4228]
  0x0000021df87f6ef0 GCTaskThread "GC Thread#4" [stack: 0x00000061a6b00000,0x00000061a6c00000] [id=6984]
  0x0000021df87f66b0 GCTaskThread "GC Thread#5" [stack: 0x00000061a6c00000,0x00000061a6d00000] [id=10044]
  0x0000021df87f6970 GCTaskThread "GC Thread#6" [stack: 0x00000061a7700000,0x00000061a7800000] [id=5036]
  0x0000021df87f5630 GCTaskThread "GC Thread#7" [stack: 0x00000061a7800000,0x00000061a7900000] [id=12216]
  0x0000021df87f58f0 GCTaskThread "GC Thread#8" [stack: 0x00000061a7900000,0x00000061a7a00000] [id=2368]
  0x0000021df8f1e990 GCTaskThread "GC Thread#9" [stack: 0x00000061a7a00000,0x00000061a7b00000] [id=11536]
  0x0000021dd92b7f10 ConcurrentGCThread "G1 Main Marker" [stack: 0x00000061a5500000,0x00000061a5600000] [id=6140]
  0x0000021dd92b8930 ConcurrentGCThread "G1 Conc#0" [stack: 0x00000061a5600000,0x00000061a5700000] [id=5412]
  0x0000021df8f1fcd0 ConcurrentGCThread "G1 Conc#1" [stack: 0x00000061a7b00000,0x00000061a7c00000] [id=4164]
  0x0000021df8f1d910 ConcurrentGCThread "G1 Conc#2" [stack: 0x00000061a7c00000,0x00000061a7d00000] [id=3696]
  0x0000021dd92fd890 ConcurrentGCThread "G1 Refine#0" [stack: 0x00000061a5700000,0x00000061a5800000] [id=13180]
  0x0000021dfa01c0c0 ConcurrentGCThread "G1 Refine#1" [stack: 0x00000061ab000000,0x00000061ab100000] [id=716]
  0x0000021dfbc9d360 ConcurrentGCThread "G1 Refine#2" [stack: 0x00000061ab100000,0x00000061ab200000] [id=3912]
  0x0000021dfbc9eae0 ConcurrentGCThread "G1 Refine#3" [stack: 0x00000061ab200000,0x00000061ab300000] [id=8712]
  0x0000021dfbc9df20 ConcurrentGCThread "G1 Refine#4" [stack: 0x00000061ab300000,0x00000061ab400000] [id=2376]
  0x0000021dfbc9e7f0 ConcurrentGCThread "G1 Refine#5" [stack: 0x00000061ab400000,0x00000061ab500000] [id=1760]
  0x0000021dfbc9d070 ConcurrentGCThread "G1 Refine#6" [stack: 0x00000061ab500000,0x00000061ab600000] [id=9032]
  0x0000021dd92fe2c0 ConcurrentGCThread "G1 Service" [stack: 0x00000061a5800000,0x00000061a5900000] [id=12840]

Threads with active compile tasks:
C2 CompilerThread2  2591832 18883       4       org.gradle.internal.component.external.model.AbstractConfigurationMetadata::getVariants (35 bytes)

VM state: not at safepoint (normal execution)

VM Mutex/Monitor currently owned by a thread: None

Heap address: 0x0000000080000000, size: 2048 MB, Compressed Oops mode: 32-bit

CDS archive(s) not mapped
Compressed class space mapped at: 0x0000000100000000-0x0000000140000000, reserved size: 1073741824
Narrow klass base: 0x0000000000000000, Narrow klass shift: 3, Narrow klass range: 0x140000000

GC Precious Log:
 CPUs: 12 total, 12 available
 Memory: 16159M
 Large Page Support: Disabled
 NUMA Support: Disabled
 Compressed Oops: Enabled (32-bit)
 Heap Region Size: 1M
 Heap Min Capacity: 8M
 Heap Initial Capacity: 254M
 Heap Max Capacity: 2G
 Pre-touch: Disabled
 Parallel Workers: 10
 Concurrent Workers: 3
 Concurrent Refinement Workers: 10
 Periodic GC: Disabled

Heap:
 garbage-first heap   total 245760K, used 176161K [0x0000000080000000, 0x0000000100000000)
  region size 1024K, 66 young (67584K), 5 survivors (5120K)
 Metaspace       used 117455K, committed 118336K, reserved 1179648K
  class space    used 15392K, committed 15808K, reserved 1048576K

Heap Regions: E=young(eden), S=young(survivor), O=old, HS=humongous(starts), HC=humongous(continues), CS=collection set, F=free, OA=open archive, CA=closed archive, TAMS=top-at-mark-start (previous, next)
|   0|0x0000000080000000, 0x0000000080100000, 0x0000000080100000|100%|HS|  |TAMS 0x0000000080100000, 0x0000000080000000| Complete 
|   1|0x0000000080100000, 0x0000000080200000, 0x0000000080200000|100%|HC|  |TAMS 0x0000000080200000, 0x0000000080100000| Complete 
|   2|0x0000000080200000, 0x0000000080300000, 0x0000000080300000|100%|HC|  |TAMS 0x0000000080300000, 0x0000000080200000| Complete 
|   3|0x0000000080300000, 0x0000000080400000, 0x0000000080400000|100%|HC|  |TAMS 0x0000000080400000, 0x0000000080300000| Complete 
|   4|0x0000000080400000, 0x0000000080500000, 0x0000000080500000|100%| O|  |TAMS 0x0000000080500000, 0x0000000080400000| Untracked 
|   5|0x0000000080500000, 0x0000000080600000, 0x0000000080600000|100%| O|  |TAMS 0x0000000080600000, 0x0000000080500000| Untracked 
|   6|0x0000000080600000, 0x0000000080700000, 0x0000000080700000|100%| O|  |TAMS 0x0000000080700000, 0x0000000080600000| Untracked 
|   7|0x0000000080700000, 0x0000000080800000, 0x0000000080800000|100%| O|  |TAMS 0x0000000080800000, 0x0000000080700000| Untracked 
|   8|0x0000000080800000, 0x0000000080900000, 0x0000000080900000|100%| O|  |TAMS 0x0000000080900000, 0x0000000080800000| Untracked 
|   9|0x0000000080900000, 0x0000000080a00000, 0x0000000080a00000|100%| O|  |TAMS 0x0000000080a00000, 0x0000000080900000| Untracked 
|  10|0x0000000080a00000, 0x0000000080b00000, 0x0000000080b00000|100%|HS|  |TAMS 0x0000000080b00000, 0x0000000080a00000| Complete 
|  11|0x0000000080b00000, 0x0000000080c00000, 0x0000000080c00000|100%| O|  |TAMS 0x0000000080c00000, 0x0000000080b00000| Untracked 
|  12|0x0000000080c00000, 0x0000000080d00000, 0x0000000080d00000|100%| O|  |TAMS 0x0000000080d00000, 0x0000000080c00000| Untracked 
|  13|0x0000000080d00000, 0x0000000080e00000, 0x0000000080e00000|100%| O|  |TAMS 0x0000000080e00000, 0x0000000080d00000| Untracked 
|  14|0x0000000080e00000, 0x0000000080f00000, 0x0000000080f00000|100%| O|  |TAMS 0x0000000080f00000, 0x0000000080e00000| Untracked 
|  15|0x0000000080f00000, 0x0000000081000000, 0x0000000081000000|100%| O|  |TAMS 0x0000000081000000, 0x0000000080f00000| Untracked 
|  16|0x0000000081000000, 0x0000000081100000, 0x0000000081100000|100%| O|  |TAMS 0x0000000081100000, 0x0000000081000000| Untracked 
|  17|0x0000000081100000, 0x0000000081200000, 0x0000000081200000|100%| O|  |TAMS 0x0000000081200000, 0x0000000081100000| Untracked 
|  18|0x0000000081200000, 0x0000000081300000, 0x0000000081300000|100%| O|  |TAMS 0x0000000081300000, 0x0000000081200000| Untracked 
|  19|0x0000000081300000, 0x0000000081400000, 0x0000000081400000|100%| O|  |TAMS 0x0000000081400000, 0x0000000081300000| Untracked 
|  20|0x0000000081400000, 0x0000000081500000, 0x0000000081500000|100%| O|  |TAMS 0x0000000081500000, 0x0000000081400000| Untracked 
|  21|0x0000000081500000, 0x0000000081600000, 0x0000000081600000|100%| O|  |TAMS 0x0000000081600000, 0x0000000081500000| Untracked 
|  22|0x0000000081600000, 0x0000000081600000, 0x0000000081700000|  0%| F|  |TAMS 0x0000000081600000, 0x0000000081600000| Untracked 
|  23|0x0000000081700000, 0x0000000081800000, 0x0000000081800000|100%| O|  |TAMS 0x0000000081800000, 0x0000000081700000| Untracked 
|  24|0x0000000081800000, 0x0000000081900000, 0x0000000081900000|100%| O|  |TAMS 0x0000000081900000, 0x0000000081800000| Complete 
|  25|0x0000000081900000, 0x0000000081a00000, 0x0000000081a00000|100%| O|  |TAMS 0x0000000081a00000, 0x0000000081900000| Untracked 
|  26|0x0000000081a00000, 0x0000000081b00000, 0x0000000081b00000|100%| O|  |TAMS 0x0000000081b00000, 0x0000000081a00000| Untracked 
|  27|0x0000000081b00000, 0x0000000081c00000, 0x0000000081c00000|100%| O|  |TAMS 0x0000000081c00000, 0x0000000081b00000| Untracked 
|  28|0x0000000081c00000, 0x0000000081d00000, 0x0000000081d00000|100%| O|  |TAMS 0x0000000081d00000, 0x0000000081c00000| Untracked 
|  29|0x0000000081d00000, 0x0000000081e00000, 0x0000000081e00000|100%| O|  |TAMS 0x0000000081e00000, 0x0000000081d00000| Untracked 
|  30|0x0000000081e00000, 0x0000000081f00000, 0x0000000081f00000|100%| O|  |TAMS 0x0000000081f00000, 0x0000000081e00000| Untracked 
|  31|0x0000000081f00000, 0x0000000081f00000, 0x0000000082000000|  0%| F|  |TAMS 0x0000000081f00000, 0x0000000081f00000| Untracked 
|  32|0x0000000082000000, 0x0000000082100000, 0x0000000082100000|100%| O|  |TAMS 0x0000000082100000, 0x0000000082000000| Untracked 
|  33|0x0000000082100000, 0x0000000082200000, 0x0000000082200000|100%| O|  |TAMS 0x0000000082200000, 0x0000000082100000| Complete 
|  34|0x0000000082200000, 0x0000000082300000, 0x0000000082300000|100%| O|  |TAMS 0x0000000082300000, 0x0000000082200000| Untracked 
|  35|0x0000000082300000, 0x0000000082400000, 0x0000000082400000|100%| O|  |TAMS 0x0000000082400000, 0x0000000082300000| Untracked 
|  36|0x0000000082400000, 0x0000000082500000, 0x0000000082500000|100%| O|  |TAMS 0x0000000082500000, 0x0000000082400000| Untracked 
|  37|0x0000000082500000, 0x0000000082600000, 0x0000000082600000|100%| O|  |TAMS 0x0000000082600000, 0x0000000082500000| Untracked 
|  38|0x0000000082600000, 0x0000000082700000, 0x0000000082700000|100%| O|  |TAMS 0x0000000082700000, 0x0000000082600000| Untracked 
|  39|0x0000000082700000, 0x0000000082800000, 0x0000000082800000|100%| O|  |TAMS 0x0000000082800000, 0x0000000082700000| Complete 
|  40|0x0000000082800000, 0x0000000082900000, 0x0000000082900000|100%|HS|  |TAMS 0x0000000082900000, 0x0000000082800000| Complete 
|  41|0x0000000082900000, 0x0000000082a00000, 0x0000000082a00000|100%|HS|  |TAMS 0x0000000082a00000, 0x0000000082900000| Complete 
|  42|0x0000000082a00000, 0x0000000082b00000, 0x0000000082b00000|100%|HS|  |TAMS 0x0000000082b00000, 0x0000000082a00000| Complete 
|  43|0x0000000082b00000, 0x0000000082c00000, 0x0000000082c00000|100%|HS|  |TAMS 0x0000000082c00000, 0x0000000082b00000| Complete 
|  44|0x0000000082c00000, 0x0000000082d00000, 0x0000000082d00000|100%| O|  |TAMS 0x0000000082d00000, 0x0000000082c00000| Untracked 
|  45|0x0000000082d00000, 0x0000000082e00000, 0x0000000082e00000|100%|HS|  |TAMS 0x0000000082e00000, 0x0000000082d00000| Complete 
|  46|0x0000000082e00000, 0x0000000082e00000, 0x0000000082f00000|  0%| F|  |TAMS 0x0000000082e00000, 0x0000000082e00000| Untracked 
|  47|0x0000000082f00000, 0x0000000082f00000, 0x0000000083000000|  0%| F|  |TAMS 0x0000000082f00000, 0x0000000082f00000| Untracked 
|  48|0x0000000083000000, 0x0000000083100000, 0x0000000083100000|100%| O|  |TAMS 0x0000000083100000, 0x0000000083000000| Untracked 
|  49|0x0000000083100000, 0x0000000083200000, 0x0000000083200000|100%| O|  |TAMS 0x0000000083200000, 0x0000000083100000| Untracked 
|  50|0x0000000083200000, 0x0000000083300000, 0x0000000083300000|100%| O|  |TAMS 0x0000000083300000, 0x0000000083200000| Untracked 
|  51|0x0000000083300000, 0x0000000083400000, 0x0000000083400000|100%| O|  |TAMS 0x0000000083400000, 0x0000000083300000| Complete 
|  52|0x0000000083400000, 0x0000000083500000, 0x0000000083500000|100%| O|  |TAMS 0x0000000083500000, 0x0000000083400000| Untracked 
|  53|0x0000000083500000, 0x0000000083600000, 0x0000000083600000|100%| O|  |TAMS 0x0000000083600000, 0x0000000083500000| Untracked 
|  54|0x0000000083600000, 0x0000000083700000, 0x0000000083700000|100%| O|  |TAMS 0x0000000083700000, 0x0000000083600000| Untracked 
|  55|0x0000000083700000, 0x0000000083800000, 0x0000000083800000|100%| O|  |TAMS 0x0000000083800000, 0x0000000083700000| Untracked 
|  56|0x0000000083800000, 0x0000000083900000, 0x0000000083900000|100%| O|  |TAMS 0x0000000083900000, 0x0000000083800000| Untracked 
|  57|0x0000000083900000, 0x0000000083a00000, 0x0000000083a00000|100%| O|  |TAMS 0x0000000083a00000, 0x0000000083900000| Untracked 
|  58|0x0000000083a00000, 0x0000000083b00000, 0x0000000083b00000|100%| O|  |TAMS 0x0000000083b00000, 0x0000000083a00000| Complete 
|  59|0x0000000083b00000, 0x0000000083c00000, 0x0000000083c00000|100%|HS|  |TAMS 0x0000000083c00000, 0x0000000083b00000| Complete 
|  60|0x0000000083c00000, 0x0000000083d00000, 0x0000000083d00000|100%| O|  |TAMS 0x0000000083d00000, 0x0000000083c00000| Complete 
|  61|0x0000000083d00000, 0x0000000083e00000, 0x0000000083e00000|100%| O|  |TAMS 0x0000000083e00000, 0x0000000083d00000| Complete 
|  62|0x0000000083e00000, 0x0000000083f00000, 0x0000000083f00000|100%| O|  |TAMS 0x0000000083f00000, 0x0000000083e00000| Untracked 
|  63|0x0000000083f00000, 0x0000000084000000, 0x0000000084000000|100%| O|  |TAMS 0x0000000084000000, 0x0000000083f00000| Untracked 
|  64|0x0000000084000000, 0x0000000084000000, 0x0000000084100000|  0%| F|  |TAMS 0x0000000084000000, 0x0000000084000000| Untracked 
|  65|0x0000000084100000, 0x0000000084200000, 0x0000000084200000|100%| O|  |TAMS 0x0000000084200000, 0x0000000084100000| Complete 
|  66|0x0000000084200000, 0x0000000084200000, 0x0000000084300000|  0%| F|  |TAMS 0x0000000084200000, 0x0000000084200000| Untracked 
|  67|0x0000000084300000, 0x0000000084400000, 0x0000000084400000|100%| O|  |TAMS 0x0000000084400000, 0x0000000084300000| Untracked 
|  68|0x0000000084400000, 0x0000000084500000, 0x0000000084500000|100%| O|  |TAMS 0x0000000084500000, 0x0000000084400000| Untracked 
|  69|0x0000000084500000, 0x0000000084600000, 0x0000000084600000|100%| O|  |TAMS 0x0000000084600000, 0x0000000084500000| Untracked 
|  70|0x0000000084600000, 0x0000000084700000, 0x0000000084700000|100%| O|  |TAMS 0x0000000084700000, 0x0000000084600000| Complete 
|  71|0x0000000084700000, 0x0000000084800000, 0x0000000084800000|100%| O|  |TAMS 0x0000000084800000, 0x0000000084700000| Untracked 
|  72|0x0000000084800000, 0x0000000084900000, 0x0000000084900000|100%| O|  |TAMS 0x0000000084900000, 0x0000000084800000| Untracked 
|  73|0x0000000084900000, 0x0000000084a00000, 0x0000000084a00000|100%| O|  |TAMS 0x0000000084a00000, 0x0000000084900000| Untracked 
|  74|0x0000000084a00000, 0x0000000084b00000, 0x0000000084b00000|100%| O|  |TAMS 0x0000000084b00000, 0x0000000084a00000| Untracked 
|  75|0x0000000084b00000, 0x0000000084c00000, 0x0000000084c00000|100%| O|  |TAMS 0x0000000084c00000, 0x0000000084b00000| Untracked 
|  76|0x0000000084c00000, 0x0000000084d00000, 0x0000000084d00000|100%| O|  |TAMS 0x0000000084d00000, 0x0000000084c00000| Untracked 
|  77|0x0000000084d00000, 0x0000000084e00000, 0x0000000084e00000|100%| O|  |TAMS 0x0000000084e00000, 0x0000000084d00000| Untracked 
|  78|0x0000000084e00000, 0x0000000084f00000, 0x0000000084f00000|100%| O|  |TAMS 0x0000000084f00000, 0x0000000084e00000| Untracked 
|  79|0x0000000084f00000, 0x0000000085000000, 0x0000000085000000|100%| O|  |TAMS 0x0000000085000000, 0x0000000084f00000| Untracked 
|  80|0x0000000085000000, 0x0000000085100000, 0x0000000085100000|100%| O|  |TAMS 0x0000000085100000, 0x0000000085000000| Untracked 
|  81|0x0000000085100000, 0x0000000085200000, 0x0000000085200000|100%| O|  |TAMS 0x0000000085200000, 0x0000000085100000| Untracked 
|  82|0x0000000085200000, 0x0000000085300000, 0x0000000085300000|100%| O|  |TAMS 0x0000000085300000, 0x0000000085200000| Complete 
|  83|0x0000000085300000, 0x0000000085400000, 0x0000000085400000|100%| O|  |TAMS 0x0000000085400000, 0x0000000085300000| Untracked 
|  84|0x0000000085400000, 0x0000000085500000, 0x0000000085500000|100%| O|  |TAMS 0x0000000085500000, 0x0000000085400000| Untracked 
|  85|0x0000000085500000, 0x0000000085600000, 0x0000000085600000|100%| O|  |TAMS 0x0000000085600000, 0x0000000085500000| Untracked 
|  86|0x0000000085600000, 0x0000000085600000, 0x0000000085700000|  0%| F|  |TAMS 0x0000000085600000, 0x0000000085600000| Untracked 
|  87|0x0000000085700000, 0x0000000085800000, 0x0000000085800000|100%| O|  |TAMS 0x0000000085800000, 0x0000000085700000| Complete 
|  88|0x0000000085800000, 0x0000000085800000, 0x0000000085900000|  0%| F|  |TAMS 0x0000000085800000, 0x0000000085800000| Untracked 
|  89|0x0000000085900000, 0x0000000085900000, 0x0000000085a00000|  0%| F|  |TAMS 0x0000000085900000, 0x0000000085900000| Untracked 
|  90|0x0000000085a00000, 0x0000000085a00000, 0x0000000085b00000|  0%| F|  |TAMS 0x0000000085a00000, 0x0000000085a00000| Untracked 
|  91|0x0000000085b00000, 0x0000000085b00000, 0x0000000085c00000|  0%| F|  |TAMS 0x0000000085b00000, 0x0000000085b00000| Untracked 
|  92|0x0000000085c00000, 0x0000000085c00000, 0x0000000085d00000|  0%| F|  |TAMS 0x0000000085c00000, 0x0000000085c00000| Untracked 
|  93|0x0000000085d00000, 0x0000000085d00000, 0x0000000085e00000|  0%| F|  |TAMS 0x0000000085d00000, 0x0000000085d00000| Untracked 
|  94|0x0000000085e00000, 0x0000000085e00000, 0x0000000085f00000|  0%| F|  |TAMS 0x0000000085e00000, 0x0000000085e00000| Untracked 
|  95|0x0000000085f00000, 0x0000000085f00000, 0x0000000086000000|  0%| F|  |TAMS 0x0000000085f00000, 0x0000000085f00000| Untracked 
|  96|0x0000000086000000, 0x0000000086000000, 0x0000000086100000|  0%| F|  |TAMS 0x0000000086000000, 0x0000000086000000| Untracked 
|  97|0x0000000086100000, 0x0000000086100000, 0x0000000086200000|  0%| F|  |TAMS 0x0000000086100000, 0x0000000086100000| Untracked 
|  98|0x0000000086200000, 0x0000000086300000, 0x0000000086300000|100%| O|  |TAMS 0x0000000086300000, 0x0000000086200000| Untracked 
|  99|0x0000000086300000, 0x0000000086400000, 0x0000000086400000|100%| O|  |TAMS 0x0000000086400000, 0x0000000086300000| Untracked 
| 100|0x0000000086400000, 0x0000000086500000, 0x0000000086500000|100%| O|  |TAMS 0x0000000086500000, 0x0000000086400000| Untracked 
| 101|0x0000000086500000, 0x0000000086600000, 0x0000000086600000|100%| O|  |TAMS 0x0000000086600000, 0x0000000086500000| Complete 
| 102|0x0000000086600000, 0x0000000086700000, 0x0000000086700000|100%| O|  |TAMS 0x0000000086700000, 0x0000000086600000| Untracked 
| 103|0x0000000086700000, 0x0000000086800000, 0x0000000086800000|100%| O|  |TAMS 0x0000000086800000, 0x0000000086700000| Complete 
| 104|0x0000000086800000, 0x0000000086860000, 0x0000000086900000| 37%| O|  |TAMS 0x0000000086860000, 0x0000000086800000| Untracked 
| 105|0x0000000086900000, 0x0000000086900000, 0x0000000086a00000|  0%| F|  |TAMS 0x0000000086900000, 0x0000000086900000| Untracked 
| 106|0x0000000086a00000, 0x0000000086b00000, 0x0000000086b00000|100%| O|  |TAMS 0x0000000086b00000, 0x0000000086a00000| Untracked 
| 107|0x0000000086b00000, 0x0000000086c00000, 0x0000000086c00000|100%| O|  |TAMS 0x0000000086c00000, 0x0000000086b00000| Complete 
| 108|0x0000000086c00000, 0x0000000086d00000, 0x0000000086d00000|100%| O|  |TAMS 0x0000000086d00000, 0x0000000086c00000| Complete 
| 109|0x0000000086d00000, 0x0000000086e00000, 0x0000000086e00000|100%| O|  |TAMS 0x0000000086e00000, 0x0000000086d00000| Complete 
| 110|0x0000000086e00000, 0x0000000086f00000, 0x0000000086f00000|100%| O|  |TAMS 0x0000000086f00000, 0x0000000086e00000| Complete 
| 111|0x0000000086f00000, 0x0000000087000000, 0x0000000087000000|100%| O|  |TAMS 0x0000000087000000, 0x0000000086f00000| Complete 
| 112|0x0000000087000000, 0x0000000087100000, 0x0000000087100000|100%| O|  |TAMS 0x0000000087100000, 0x0000000087000000| Complete 
| 113|0x0000000087100000, 0x0000000087200000, 0x0000000087200000|100%| O|  |TAMS 0x0000000087200000, 0x0000000087100000| Complete 
| 114|0x0000000087200000, 0x0000000087300000, 0x0000000087300000|100%| O|  |TAMS 0x0000000087300000, 0x0000000087200000| Complete 
| 115|0x0000000087300000, 0x0000000087300000, 0x0000000087400000|  0%| F|  |TAMS 0x0000000087300000, 0x0000000087300000| Untracked 
| 116|0x0000000087400000, 0x0000000087400000, 0x0000000087500000|  0%| F|  |TAMS 0x0000000087400000, 0x0000000087400000| Untracked 
| 117|0x0000000087500000, 0x0000000087500000, 0x0000000087600000|  0%| F|  |TAMS 0x0000000087500000, 0x0000000087500000| Untracked 
| 118|0x0000000087600000, 0x0000000087600000, 0x0000000087700000|  0%| F|  |TAMS 0x0000000087600000, 0x0000000087600000| Untracked 
| 119|0x0000000087700000, 0x0000000087700000, 0x0000000087800000|  0%| F|  |TAMS 0x0000000087700000, 0x0000000087700000| Untracked 
| 120|0x0000000087800000, 0x0000000087800000, 0x0000000087900000|  0%| F|  |TAMS 0x0000000087800000, 0x0000000087800000| Untracked 
| 121|0x0000000087900000, 0x0000000087900000, 0x0000000087a00000|  0%| F|  |TAMS 0x0000000087900000, 0x0000000087900000| Untracked 
| 122|0x0000000087a00000, 0x0000000087a00000, 0x0000000087b00000|  0%| F|  |TAMS 0x0000000087a00000, 0x0000000087a00000| Untracked 
| 123|0x0000000087b00000, 0x0000000087c00000, 0x0000000087c00000|100%| O|  |TAMS 0x0000000087c00000, 0x0000000087b00000| Untracked 
| 124|0x0000000087c00000, 0x0000000087d00000, 0x0000000087d00000|100%| O|  |TAMS 0x0000000087d00000, 0x0000000087c00000| Untracked 
| 125|0x0000000087d00000, 0x0000000087d00000, 0x0000000087e00000|  0%| F|  |TAMS 0x0000000087d00000, 0x0000000087d00000| Untracked 
| 126|0x0000000087e00000, 0x0000000087e00000, 0x0000000087f00000|  0%| F|  |TAMS 0x0000000087e00000, 0x0000000087e00000| Untracked 
| 127|0x0000000087f00000, 0x0000000087f00000, 0x0000000088000000|  0%| F|  |TAMS 0x0000000087f00000, 0x0000000087f00000| Untracked 
| 128|0x0000000088000000, 0x0000000088000000, 0x0000000088100000|  0%| F|  |TAMS 0x0000000088000000, 0x0000000088000000| Untracked 
| 129|0x0000000088100000, 0x0000000088100000, 0x0000000088200000|  0%| F|  |TAMS 0x0000000088100000, 0x0000000088100000| Untracked 
| 130|0x0000000088200000, 0x0000000088200000, 0x0000000088300000|  0%| F|  |TAMS 0x0000000088200000, 0x0000000088200000| Untracked 
| 131|0x0000000088300000, 0x0000000088300000, 0x0000000088400000|  0%| F|  |TAMS 0x0000000088300000, 0x0000000088300000| Untracked 
| 132|0x0000000088400000, 0x0000000088400000, 0x0000000088500000|  0%| F|  |TAMS 0x0000000088400000, 0x0000000088400000| Untracked 
| 133|0x0000000088500000, 0x0000000088500000, 0x0000000088600000|  0%| F|  |TAMS 0x0000000088500000, 0x0000000088500000| Untracked 
| 134|0x0000000088600000, 0x0000000088600000, 0x0000000088700000|  0%| F|  |TAMS 0x0000000088600000, 0x0000000088600000| Untracked 
| 135|0x0000000088700000, 0x0000000088700000, 0x0000000088800000|  0%| F|  |TAMS 0x0000000088700000, 0x0000000088700000| Untracked 
| 136|0x0000000088800000, 0x0000000088800000, 0x0000000088900000|  0%| F|  |TAMS 0x0000000088800000, 0x0000000088800000| Untracked 
| 137|0x0000000088900000, 0x0000000088a00000, 0x0000000088a00000|100%| O|  |TAMS 0x0000000088a00000, 0x0000000088900000| Complete 
| 138|0x0000000088a00000, 0x0000000088b00000, 0x0000000088b00000|100%| O|  |TAMS 0x0000000088b00000, 0x0000000088a00000| Untracked 
| 139|0x0000000088b00000, 0x0000000088c00000, 0x0000000088c00000|100%| O|  |TAMS 0x0000000088c00000, 0x0000000088b00000| Complete 
| 140|0x0000000088c00000, 0x0000000088d00000, 0x0000000088d00000|100%| O|  |TAMS 0x0000000088d00000, 0x0000000088c00000| Complete 
| 141|0x0000000088d00000, 0x0000000088e00000, 0x0000000088e00000|100%| O|  |TAMS 0x0000000088e00000, 0x0000000088d00000| Untracked 
| 142|0x0000000088e00000, 0x0000000088f00000, 0x0000000088f00000|100%| O|  |TAMS 0x0000000088f00000, 0x0000000088e00000| Untracked 
| 143|0x0000000088f00000, 0x0000000089000000, 0x0000000089000000|100%| O|  |TAMS 0x0000000089000000, 0x0000000088f00000| Complete 
| 144|0x0000000089000000, 0x0000000089100000, 0x0000000089100000|100%| O|  |TAMS 0x0000000089100000, 0x0000000089000000| Untracked 
| 145|0x0000000089100000, 0x0000000089200000, 0x0000000089200000|100%| O|  |TAMS 0x0000000089200000, 0x0000000089100000| Complete 
| 146|0x0000000089200000, 0x0000000089300000, 0x0000000089300000|100%| O|  |TAMS 0x0000000089300000, 0x0000000089200000| Complete 
| 147|0x0000000089300000, 0x0000000089300000, 0x0000000089400000|  0%| F|  |TAMS 0x0000000089300000, 0x0000000089300000| Untracked 
| 148|0x0000000089400000, 0x0000000089400000, 0x0000000089500000|  0%| F|  |TAMS 0x0000000089400000, 0x0000000089400000| Untracked 
| 149|0x0000000089500000, 0x0000000089500000, 0x0000000089600000|  0%| F|  |TAMS 0x0000000089500000, 0x0000000089500000| Untracked 
| 150|0x0000000089600000, 0x0000000089600000, 0x0000000089700000|  0%| F|  |TAMS 0x0000000089600000, 0x0000000089600000| Untracked 
| 151|0x0000000089700000, 0x0000000089700000, 0x0000000089800000|  0%| F|  |TAMS 0x0000000089700000, 0x0000000089700000| Untracked 
| 152|0x0000000089800000, 0x0000000089800000, 0x0000000089900000|  0%| F|  |TAMS 0x0000000089800000, 0x0000000089800000| Untracked 
| 153|0x0000000089900000, 0x0000000089900000, 0x0000000089a00000|  0%| F|  |TAMS 0x0000000089900000, 0x0000000089900000| Untracked 
| 154|0x0000000089a00000, 0x0000000089a00000, 0x0000000089b00000|  0%| F|  |TAMS 0x0000000089a00000, 0x0000000089a00000| Untracked 
| 155|0x0000000089b00000, 0x0000000089b00000, 0x0000000089c00000|  0%| F|  |TAMS 0x0000000089b00000, 0x0000000089b00000| Untracked 
| 156|0x0000000089c00000, 0x0000000089c00000, 0x0000000089d00000|  0%| F|  |TAMS 0x0000000089c00000, 0x0000000089c00000| Untracked 
| 157|0x0000000089d00000, 0x0000000089d00000, 0x0000000089e00000|  0%| F|  |TAMS 0x0000000089d00000, 0x0000000089d00000| Untracked 
| 158|0x0000000089e00000, 0x0000000089e00000, 0x0000000089f00000|  0%| F|  |TAMS 0x0000000089e00000, 0x0000000089e00000| Untracked 
| 159|0x0000000089f00000, 0x0000000089f00000, 0x000000008a000000|  0%| F|  |TAMS 0x0000000089f00000, 0x0000000089f00000| Untracked 
| 160|0x000000008a000000, 0x000000008a000000, 0x000000008a100000|  0%| F|  |TAMS 0x000000008a000000, 0x000000008a000000| Untracked 
| 161|0x000000008a100000, 0x000000008a100000, 0x000000008a200000|  0%| F|  |TAMS 0x000000008a100000, 0x000000008a100000| Untracked 
| 162|0x000000008a200000, 0x000000008a200000, 0x000000008a300000|  0%| F|  |TAMS 0x000000008a200000, 0x000000008a200000| Untracked 
| 163|0x000000008a300000, 0x000000008a300000, 0x000000008a400000|  0%| F|  |TAMS 0x000000008a300000, 0x000000008a300000| Untracked 
| 164|0x000000008a400000, 0x000000008a400000, 0x000000008a500000|  0%| F|  |TAMS 0x000000008a400000, 0x000000008a400000| Untracked 
| 165|0x000000008a500000, 0x000000008a500000, 0x000000008a600000|  0%| F|  |TAMS 0x000000008a500000, 0x000000008a500000| Untracked 
| 166|0x000000008a600000, 0x000000008a600000, 0x000000008a700000|  0%| F|  |TAMS 0x000000008a600000, 0x000000008a600000| Untracked 
| 167|0x000000008a700000, 0x000000008a700000, 0x000000008a800000|  0%| F|  |TAMS 0x000000008a700000, 0x000000008a700000| Untracked 
| 168|0x000000008a800000, 0x000000008a800000, 0x000000008a900000|  0%| F|  |TAMS 0x000000008a800000, 0x000000008a800000| Untracked 
| 169|0x000000008a900000, 0x000000008a9a85f8, 0x000000008aa00000| 65%| S|CS|TAMS 0x000000008a900000, 0x000000008a900000| Complete 
| 170|0x000000008aa00000, 0x000000008ab00000, 0x000000008ab00000|100%| S|CS|TAMS 0x000000008aa00000, 0x000000008aa00000| Complete 
| 171|0x000000008ab00000, 0x000000008ac00000, 0x000000008ac00000|100%| S|CS|TAMS 0x000000008ab00000, 0x000000008ab00000| Complete 
| 172|0x000000008ac00000, 0x000000008ad00000, 0x000000008ad00000|100%| S|CS|TAMS 0x000000008ac00000, 0x000000008ac00000| Complete 
| 173|0x000000008ad00000, 0x000000008ae00000, 0x000000008ae00000|100%| S|CS|TAMS 0x000000008ad00000, 0x000000008ad00000| Complete 
| 174|0x000000008ae00000, 0x000000008ae00000, 0x000000008af00000|  0%| F|  |TAMS 0x000000008ae00000, 0x000000008ae00000| Untracked 
| 175|0x000000008af00000, 0x000000008af00000, 0x000000008b000000|  0%| F|  |TAMS 0x000000008af00000, 0x000000008af00000| Untracked 
| 176|0x000000008b000000, 0x000000008b000000, 0x000000008b100000|  0%| F|  |TAMS 0x000000008b000000, 0x000000008b000000| Untracked 
| 177|0x000000008b100000, 0x000000008b100000, 0x000000008b200000|  0%| F|  |TAMS 0x000000008b100000, 0x000000008b100000| Untracked 
| 178|0x000000008b200000, 0x000000008b200000, 0x000000008b300000|  0%| F|  |TAMS 0x000000008b200000, 0x000000008b200000| Untracked 
| 179|0x000000008b300000, 0x000000008b3214f0, 0x000000008b400000| 13%| E|  |TAMS 0x000000008b300000, 0x000000008b300000| Complete 
| 180|0x000000008b400000, 0x000000008b500000, 0x000000008b500000|100%| E|CS|TAMS 0x000000008b400000, 0x000000008b400000| Complete 
| 181|0x000000008b500000, 0x000000008b600000, 0x000000008b600000|100%| E|CS|TAMS 0x000000008b500000, 0x000000008b500000| Complete 
| 182|0x000000008b600000, 0x000000008b700000, 0x000000008b700000|100%| E|CS|TAMS 0x000000008b600000, 0x000000008b600000| Complete 
| 183|0x000000008b700000, 0x000000008b800000, 0x000000008b800000|100%| E|  |TAMS 0x000000008b700000, 0x000000008b700000| Complete 
| 184|0x000000008b800000, 0x000000008b900000, 0x000000008b900000|100%| E|CS|TAMS 0x000000008b800000, 0x000000008b800000| Complete 
| 185|0x000000008b900000, 0x000000008ba00000, 0x000000008ba00000|100%| E|CS|TAMS 0x000000008b900000, 0x000000008b900000| Complete 
| 186|0x000000008ba00000, 0x000000008bb00000, 0x000000008bb00000|100%| E|CS|TAMS 0x000000008ba00000, 0x000000008ba00000| Complete 
| 187|0x000000008bb00000, 0x000000008bc00000, 0x000000008bc00000|100%| E|CS|TAMS 0x000000008bb00000, 0x000000008bb00000| Complete 
| 188|0x000000008bc00000, 0x000000008bd00000, 0x000000008bd00000|100%| E|CS|TAMS 0x000000008bc00000, 0x000000008bc00000| Complete 
| 189|0x000000008bd00000, 0x000000008be00000, 0x000000008be00000|100%| E|CS|TAMS 0x000000008bd00000, 0x000000008bd00000| Complete 
| 190|0x000000008be00000, 0x000000008bf00000, 0x000000008bf00000|100%| E|CS|TAMS 0x000000008be00000, 0x000000008be00000| Complete 
| 191|0x000000008bf00000, 0x000000008c000000, 0x000000008c000000|100%| E|CS|TAMS 0x000000008bf00000, 0x000000008bf00000| Complete 
| 192|0x000000008c000000, 0x000000008c100000, 0x000000008c100000|100%| E|CS|TAMS 0x000000008c000000, 0x000000008c000000| Complete 
| 193|0x000000008c100000, 0x000000008c200000, 0x000000008c200000|100%| E|CS|TAMS 0x000000008c100000, 0x000000008c100000| Complete 
| 194|0x000000008c200000, 0x000000008c300000, 0x000000008c300000|100%| E|CS|TAMS 0x000000008c200000, 0x000000008c200000| Complete 
| 195|0x000000008c300000, 0x000000008c400000, 0x000000008c400000|100%| E|CS|TAMS 0x000000008c300000, 0x000000008c300000| Complete 
| 196|0x000000008c400000, 0x000000008c500000, 0x000000008c500000|100%| E|CS|TAMS 0x000000008c400000, 0x000000008c400000| Complete 
| 197|0x000000008c500000, 0x000000008c600000, 0x000000008c600000|100%| E|CS|TAMS 0x000000008c500000, 0x000000008c500000| Complete 
| 198|0x000000008c600000, 0x000000008c700000, 0x000000008c700000|100%| E|CS|TAMS 0x000000008c600000, 0x000000008c600000| Complete 
| 199|0x000000008c700000, 0x000000008c800000, 0x000000008c800000|100%| E|CS|TAMS 0x000000008c700000, 0x000000008c700000| Complete 
| 200|0x000000008c800000, 0x000000008c900000, 0x000000008c900000|100%| E|CS|TAMS 0x000000008c800000, 0x000000008c800000| Complete 
| 201|0x000000008c900000, 0x000000008ca00000, 0x000000008ca00000|100%| E|CS|TAMS 0x000000008c900000, 0x000000008c900000| Complete 
| 202|0x000000008ca00000, 0x000000008cb00000, 0x000000008cb00000|100%| E|CS|TAMS 0x000000008ca00000, 0x000000008ca00000| Complete 
| 203|0x000000008cb00000, 0x000000008cc00000, 0x000000008cc00000|100%| E|CS|TAMS 0x000000008cb00000, 0x000000008cb00000| Complete 
| 204|0x000000008cc00000, 0x000000008cd00000, 0x000000008cd00000|100%| E|CS|TAMS 0x000000008cc00000, 0x000000008cc00000| Complete 
| 205|0x000000008cd00000, 0x000000008ce00000, 0x000000008ce00000|100%| E|CS|TAMS 0x000000008cd00000, 0x000000008cd00000| Complete 
| 206|0x000000008ce00000, 0x000000008cf00000, 0x000000008cf00000|100%| E|CS|TAMS 0x000000008ce00000, 0x000000008ce00000| Complete 
| 207|0x000000008cf00000, 0x000000008d000000, 0x000000008d000000|100%| E|CS|TAMS 0x000000008cf00000, 0x000000008cf00000| Complete 
| 208|0x000000008d000000, 0x000000008d100000, 0x000000008d100000|100%| E|CS|TAMS 0x000000008d000000, 0x000000008d000000| Complete 
| 209|0x000000008d100000, 0x000000008d200000, 0x000000008d200000|100%| E|CS|TAMS 0x000000008d100000, 0x000000008d100000| Complete 
| 210|0x000000008d200000, 0x000000008d300000, 0x000000008d300000|100%| E|CS|TAMS 0x000000008d200000, 0x000000008d200000| Complete 
| 211|0x000000008d300000, 0x000000008d400000, 0x000000008d400000|100%| E|CS|TAMS 0x000000008d300000, 0x000000008d300000| Complete 
| 212|0x000000008d400000, 0x000000008d500000, 0x000000008d500000|100%| E|CS|TAMS 0x000000008d400000, 0x000000008d400000| Complete 
| 213|0x000000008d500000, 0x000000008d600000, 0x000000008d600000|100%| E|CS|TAMS 0x000000008d500000, 0x000000008d500000| Complete 
| 214|0x000000008d600000, 0x000000008d700000, 0x000000008d700000|100%| E|CS|TAMS 0x000000008d600000, 0x000000008d600000| Complete 
| 215|0x000000008d700000, 0x000000008d800000, 0x000000008d800000|100%| E|CS|TAMS 0x000000008d700000, 0x000000008d700000| Complete 
| 216|0x000000008d800000, 0x000000008d900000, 0x000000008d900000|100%| E|CS|TAMS 0x000000008d800000, 0x000000008d800000| Complete 
| 217|0x000000008d900000, 0x000000008da00000, 0x000000008da00000|100%| E|CS|TAMS 0x000000008d900000, 0x000000008d900000| Complete 
| 218|0x000000008da00000, 0x000000008db00000, 0x000000008db00000|100%| E|CS|TAMS 0x000000008da00000, 0x000000008da00000| Complete 
| 219|0x000000008db00000, 0x000000008dc00000, 0x000000008dc00000|100%| E|CS|TAMS 0x000000008db00000, 0x000000008db00000| Complete 
| 220|0x000000008dc00000, 0x000000008dd00000, 0x000000008dd00000|100%| E|CS|TAMS 0x000000008dc00000, 0x000000008dc00000| Complete 
| 221|0x000000008dd00000, 0x000000008de00000, 0x000000008de00000|100%| E|CS|TAMS 0x000000008dd00000, 0x000000008dd00000| Complete 
| 222|0x000000008de00000, 0x000000008df00000, 0x000000008df00000|100%| E|CS|TAMS 0x000000008de00000, 0x000000008de00000| Complete 
| 223|0x000000008df00000, 0x000000008e000000, 0x000000008e000000|100%| E|CS|TAMS 0x000000008df00000, 0x000000008df00000| Complete 
| 224|0x000000008e000000, 0x000000008e100000, 0x000000008e100000|100%| E|CS|TAMS 0x000000008e000000, 0x000000008e000000| Complete 
| 225|0x000000008e100000, 0x000000008e200000, 0x000000008e200000|100%| E|CS|TAMS 0x000000008e100000, 0x000000008e100000| Complete 
| 226|0x000000008e200000, 0x000000008e300000, 0x000000008e300000|100%| E|CS|TAMS 0x000000008e200000, 0x000000008e200000| Complete 
| 227|0x000000008e300000, 0x000000008e400000, 0x000000008e400000|100%| E|CS|TAMS 0x000000008e300000, 0x000000008e300000| Complete 
| 228|0x000000008e400000, 0x000000008e500000, 0x000000008e500000|100%| E|CS|TAMS 0x000000008e400000, 0x000000008e400000| Complete 
| 229|0x000000008e500000, 0x000000008e600000, 0x000000008e600000|100%| E|CS|TAMS 0x000000008e500000, 0x000000008e500000| Complete 
| 230|0x000000008e600000, 0x000000008e700000, 0x000000008e700000|100%| E|CS|TAMS 0x000000008e600000, 0x000000008e600000| Complete 
| 231|0x000000008e700000, 0x000000008e800000, 0x000000008e800000|100%| E|CS|TAMS 0x000000008e700000, 0x000000008e700000| Complete 
| 232|0x000000008e800000, 0x000000008e900000, 0x000000008e900000|100%| E|CS|TAMS 0x000000008e800000, 0x000000008e800000| Complete 
| 233|0x000000008e900000, 0x000000008ea00000, 0x000000008ea00000|100%| E|CS|TAMS 0x000000008e900000, 0x000000008e900000| Complete 
| 234|0x000000008ea00000, 0x000000008eb00000, 0x000000008eb00000|100%| E|CS|TAMS 0x000000008ea00000, 0x000000008ea00000| Complete 
| 235|0x000000008eb00000, 0x000000008ec00000, 0x000000008ec00000|100%| E|CS|TAMS 0x000000008eb00000, 0x000000008eb00000| Complete 
| 236|0x000000008ec00000, 0x000000008ed00000, 0x000000008ed00000|100%| E|CS|TAMS 0x000000008ec00000, 0x000000008ec00000| Complete 
| 237|0x000000008ed00000, 0x000000008ee00000, 0x000000008ee00000|100%| E|CS|TAMS 0x000000008ed00000, 0x000000008ed00000| Complete 
| 238|0x000000008ee00000, 0x000000008ef00000, 0x000000008ef00000|100%| E|CS|TAMS 0x000000008ee00000, 0x000000008ee00000| Complete 
| 253|0x000000008fd00000, 0x000000008fe00000, 0x000000008fe00000|100%| E|CS|TAMS 0x000000008fd00000, 0x000000008fd00000| Complete 

Card table byte_map: [0x0000021dec070000,0x0000021dec470000] _byte_map_base: 0x0000021debc70000

Marking Bits (Prev, Next): (CMBitMap*) 0x0000021dd92a7620, (CMBitMap*) 0x0000021dd92a75e0
 Prev Bits: [0x0000021dee870000, 0x0000021df0870000)
 Next Bits: [0x0000021dec870000, 0x0000021dee870000)

Polling page: 0x0000021dd71a0000

Metaspace:

Usage:
  Non-class:     99.67 MB used.
      Class:     15.03 MB used.
       Both:    114.70 MB used.

Virtual space:
  Non-class space:      128.00 MB reserved,     100.12 MB ( 78%) committed,  2 nodes.
      Class space:        1.00 GB reserved,      15.44 MB (  2%) committed,  1 nodes.
             Both:        1.12 GB reserved,     115.56 MB ( 10%) committed. 

Chunk freelists:
   Non-Class:  11.88 MB
       Class:  583.00 KB
        Both:  12.44 MB

MaxMetaspaceSize: unlimited
CompressedClassSpaceSize: 1.00 GB
Initial GC threshold: 21.00 MB
Current GC threshold: 190.75 MB
CDS: off
MetaspaceReclaimPolicy: balanced
 - commit_granule_bytes: 65536.
 - commit_granule_words: 8192.
 - virtual_space_node_default_size: 8388608.
 - enlarge_chunks_in_place: 1.
 - new_chunks_are_fully_committed: 0.
 - uncommit_free_chunks: 1.
 - use_allocation_guard: 0.
 - handle_deallocations: 1.


Internal statistics:

num_allocs_failed_limit: 9.
num_arena_births: 1782.
num_arena_deaths: 226.
num_vsnodes_births: 3.
num_vsnodes_deaths: 0.
num_space_committed: 1846.
num_space_uncommitted: 0.
num_chunks_returned_to_freelist: 294.
num_chunks_taken_from_freelist: 6539.
num_chunk_merges: 116.
num_chunk_splits: 4100.
num_chunks_enlarged: 2516.
num_inconsistent_stats: 0.

CodeHeap 'non-profiled nmethods': size=120000Kb used=11976Kb max_used=11976Kb free=108023Kb
 bounds [0x0000021de41f0000, 0x0000021de4db0000, 0x0000021deb720000]
CodeHeap 'profiled nmethods': size=120000Kb used=30130Kb max_used=30130Kb free=89869Kb
 bounds [0x0000021ddc720000, 0x0000021dde490000, 0x0000021de3c50000]
CodeHeap 'non-nmethods': size=5760Kb used=1733Kb max_used=1848Kb free=4026Kb
 bounds [0x0000021de3c50000, 0x0000021de3ec0000, 0x0000021de41f0000]
 total_blobs=16572 nmethods=15742 adapters=742
 compilation: enabled
              stopped_count=0, restarted_count=0
 full_count=0

Compilation events (20 events):
Event: 2591.557 Thread 0x0000021df35f8e80 nmethod 18895 0x0000021dde474a90 code [0x0000021dde474c40, 0x0000021dde474de8]
Event: 2591.557 Thread 0x0000021df35f8e80 18897       3       org.gradle.internal.execution.history.changes.OutputFileChanges$1::updated (17 bytes)
Event: 2591.557 Thread 0x0000021df35f8e80 nmethod 18897 0x0000021dde474e90 code [0x0000021dde475060, 0x0000021dde4754a8]
Event: 2591.557 Thread 0x0000021df35f8e80 18898       3       org.gradle.internal.execution.history.changes.OutputFileChanges$1::updated (42 bytes)
Event: 2591.558 Thread 0x0000021df35f73c0 nmethod 18896 0x0000021de4d9b590 code [0x0000021de4d9b720, 0x0000021de4d9b818]
Event: 2591.558 Thread 0x0000021df35f8e80 nmethod 18898 0x0000021dde475590 code [0x0000021dde4757c0, 0x0000021dde475e28]
Event: 2591.558 Thread 0x0000021df35f8e80 18899       3       org.gradle.internal.execution.history.changes.OutputFileChanges::visitChangesSince (201 bytes)
Event: 2591.559 Thread 0x0000021df35f8e80 nmethod 18899 0x0000021dde476110 code [0x0000021dde4766e0, 0x0000021dde479cf8]
Event: 2591.559 Thread 0x0000021df35f8e80 18900       3       org.gradle.internal.execution.history.impl.DefaultOutputFilesRepository$$Lambda$1587/0x0000000100d67100::<init> (10 bytes)
Event: 2591.559 Thread 0x0000021df35f8e80 nmethod 18900 0x0000021dde47ac90 code [0x0000021dde47ae20, 0x0000021dde47afd8]
Event: 2591.559 Thread 0x0000021df35f8e80 18901   !   3       jdk.xml.internal.SecuritySupport::readJAXPProperty (147 bytes)
Event: 2591.560 Thread 0x0000021dfb6a3740 18902       4       com.sun.org.apache.xerces.internal.impl.XMLEntityScanner::skipString (122 bytes)
Event: 2591.560 Thread 0x0000021df35f73c0 18903   !   4       org.gradle.api.internal.provider.AbstractProperty::calculateOwnValue (54 bytes)
Event: 2591.562 Thread 0x0000021df35f8e80 nmethod 18901 0x0000021dde47b090 code [0x0000021dde47b8a0, 0x0000021dde4807f8]
Event: 2591.562 Thread 0x0000021df35f8e80 18905       1       org.slf4j.helpers.NOPLogger::isWarnEnabled (2 bytes)
Event: 2591.562 Thread 0x0000021df35f8e80 nmethod 18905 0x0000021de4d9b990 code [0x0000021de4d9bb20, 0x0000021de4d9bbf8]
Event: 2591.566 Thread 0x0000021dfb6a3740 nmethod 18902 0x0000021de4d9bc90 code [0x0000021de4d9be60, 0x0000021de4d9c5c8]
Event: 2591.566 Thread 0x0000021dfb6a3740 18904       4       org.gradle.internal.snapshot.VfsRelativePath::normalizeRoot (50 bytes)
Event: 2591.567 Thread 0x0000021dfb6a3740 nmethod 18904 0x0000021de4d9cc90 code [0x0000021de4d9ce20, 0x0000021de4d9d0c8]
Event: 2591.574 Thread 0x0000021df35f73c0 nmethod 18903 0x0000021de4d9d310 code [0x0000021de4d9d5a0, 0x0000021de4d9e6c0]

GC Heap History (20 events):
Event: 291.298 GC heap before
{Heap before GC invocations=43 (full 0):
 garbage-first heap   total 232448K, used 190925K [0x0000000080000000, 0x0000000100000000)
  region size 1024K, 98 young (100352K), 7 survivors (7168K)
 Metaspace       used 106721K, committed 107584K, reserved 1179648K
  class space    used 14267K, committed 14720K, reserved 1048576K
}
Event: 291.305 GC heap after
{Heap after GC invocations=44 (full 0):
 garbage-first heap   total 232448K, used 100384K [0x0000000080000000, 0x0000000100000000)
  region size 1024K, 10 young (10240K), 10 survivors (10240K)
 Metaspace       used 106721K, committed 107584K, reserved 1179648K
  class space    used 14267K, committed 14720K, reserved 1048576K
}
Event: 291.319 GC heap before
{Heap before GC invocations=44 (full 0):
 garbage-first heap   total 232448K, used 101408K [0x0000000080000000, 0x0000000100000000)
  region size 1024K, 11 young (11264K), 10 survivors (10240K)
 Metaspace       used 106733K, committed 107584K, reserved 1179648K
  class space    used 14267K, committed 14720K, reserved 1048576K
}
Event: 291.325 GC heap after
{Heap after GC invocations=45 (full 0):
 garbage-first heap   total 232448K, used 98393K [0x0000000080000000, 0x0000000100000000)
  region size 1024K, 2 young (2048K), 2 survivors (2048K)
 Metaspace       used 106733K, committed 107584K, reserved 1179648K
  class space    used 14267K, committed 14720K, reserved 1048576K
}
Event: 992.330 GC heap before
{Heap before GC invocations=45 (full 0):
 garbage-first heap   total 232448K, used 191577K [0x0000000080000000, 0x0000000100000000)
  region size 1024K, 94 young (96256K), 2 survivors (2048K)
 Metaspace       used 107251K, committed 108096K, reserved 1179648K
  class space    used 14295K, committed 14720K, reserved 1048576K
}
Event: 992.358 GC heap after
{Heap after GC invocations=46 (full 0):
 garbage-first heap   total 232448K, used 106419K [0x0000000080000000, 0x0000000100000000)
  region size 1024K, 9 young (9216K), 9 survivors (9216K)
 Metaspace       used 107251K, committed 108096K, reserved 1179648K
  class space    used 14295K, committed 14720K, reserved 1048576K
}
Event: 2581.794 GC heap before
{Heap before GC invocations=46 (full 0):
 garbage-first heap   total 232448K, used 190387K [0x0000000080000000, 0x0000000100000000)
  region size 1024K, 92 young (94208K), 9 survivors (9216K)
 Metaspace       used 107643K, committed 108544K, reserved 1179648K
  class space    used 14331K, committed 14784K, reserved 1048576K
}
Event: 2581.803 GC heap after
{Heap after GC invocations=47 (full 0):
 garbage-first heap   total 232448K, used 104681K [0x0000000080000000, 0x0000000100000000)
  region size 1024K, 5 young (5120K), 5 survivors (5120K)
 Metaspace       used 107643K, committed 108544K, reserved 1179648K
  class space    used 14331K, committed 14784K, reserved 1048576K
}
Event: 2583.970 GC heap before
{Heap before GC invocations=48 (full 0):
 garbage-first heap   total 232448K, used 200937K [0x0000000080000000, 0x0000000100000000)
  region size 1024K, 90 young (92160K), 5 survivors (5120K)
 Metaspace       used 109991K, committed 110784K, reserved 1179648K
  class space    used 14593K, committed 14976K, reserved 1048576K
}
Event: 2583.990 GC heap after
{Heap after GC invocations=49 (full 0):
 garbage-first heap   total 232448K, used 130566K [0x0000000080000000, 0x0000000100000000)
  region size 1024K, 12 young (12288K), 12 survivors (12288K)
 Metaspace       used 109991K, committed 110784K, reserved 1179648K
  class space    used 14593K, committed 14976K, reserved 1048576K
}
Event: 2583.993 GC heap before
{Heap before GC invocations=49 (full 0):
 garbage-first heap   total 232448K, used 131590K [0x0000000080000000, 0x0000000100000000)
  region size 1024K, 13 young (13312K), 12 survivors (12288K)
 Metaspace       used 109993K, committed 110784K, reserved 1179648K
  class space    used 14593K, committed 14976K, reserved 1048576K
}
Event: 2584.011 GC heap after
{Heap after GC invocations=50 (full 0):
 garbage-first heap   total 232448K, used 119356K [0x0000000080000000, 0x0000000100000000)
  region size 1024K, 1 young (1024K), 1 survivors (1024K)
 Metaspace       used 109993K, committed 110784K, reserved 1179648K
  class space    used 14593K, committed 14976K, reserved 1048576K
}
Event: 2584.269 GC heap before
{Heap before GC invocations=50 (full 0):
 garbage-first heap   total 232448K, used 148028K [0x0000000080000000, 0x0000000100000000)
  region size 1024K, 31 young (31744K), 1 survivors (1024K)
 Metaspace       used 110042K, committed 110912K, reserved 1179648K
  class space    used 14595K, committed 14976K, reserved 1048576K
}
Event: 2584.275 GC heap after
{Heap after GC invocations=51 (full 0):
 garbage-first heap   total 232448K, used 128712K [0x0000000080000000, 0x0000000100000000)
  region size 1024K, 7 young (7168K), 7 survivors (7168K)
 Metaspace       used 110042K, committed 110912K, reserved 1179648K
  class space    used 14595K, committed 14976K, reserved 1048576K
}
Event: 2584.910 GC heap before
{Heap before GC invocations=52 (full 0):
 garbage-first heap   total 245760K, used 192200K [0x0000000080000000, 0x0000000100000000)
  region size 1024K, 55 young (56320K), 7 survivors (7168K)
 Metaspace       used 112280K, committed 113152K, reserved 1179648K
  class space    used 14834K, committed 15296K, reserved 1048576K
}
Event: 2584.920 GC heap after
{Heap after GC invocations=53 (full 0):
 garbage-first heap   total 245760K, used 132554K [0x0000000080000000, 0x0000000100000000)
  region size 1024K, 6 young (6144K), 6 survivors (6144K)
 Metaspace       used 112280K, committed 113152K, reserved 1179648K
  class space    used 14834K, committed 15296K, reserved 1048576K
}
Event: 2584.941 GC heap before
{Heap before GC invocations=53 (full 0):
 garbage-first heap   total 245760K, used 137674K [0x0000000080000000, 0x0000000100000000)
  region size 1024K, 12 young (12288K), 6 survivors (6144K)
 Metaspace       used 112411K, committed 113280K, reserved 1179648K
  class space    used 14846K, committed 15296K, reserved 1048576K
}
Event: 2584.947 GC heap after
{Heap after GC invocations=54 (full 0):
 garbage-first heap   total 245760K, used 123764K [0x0000000080000000, 0x0000000100000000)
  region size 1024K, 2 young (2048K), 2 survivors (2048K)
 Metaspace       used 112411K, committed 113280K, reserved 1179648K
  class space    used 14846K, committed 15296K, reserved 1048576K
}
Event: 2586.258 GC heap before
{Heap before GC invocations=54 (full 0):
 garbage-first heap   total 245760K, used 188276K [0x0000000080000000, 0x0000000100000000)
  region size 1024K, 66 young (67584K), 2 survivors (2048K)
 Metaspace       used 116254K, committed 117120K, reserved 1179648K
  class space    used 15258K, committed 15680K, reserved 1048576K
}
Event: 2586.262 GC heap after
{Heap after GC invocations=55 (full 0):
 garbage-first heap   total 245760K, used 127009K [0x0000000080000000, 0x0000000100000000)
  region size 1024K, 5 young (5120K), 5 survivors (5120K)
 Metaspace       used 116254K, committed 117120K, reserved 1179648K
  class space    used 15258K, committed 15680K, reserved 1048576K
}

Dll operation events (3 events):
Event: 0.007 Loaded shared library D:\pmul\android-studio\jbr\bin\java.dll
Event: 0.096 Loaded shared library D:\pmul\android-studio\jbr\bin\zip.dll
Event: 0.233 Loaded shared library D:\pmul\android-studio\jbr\bin\verify.dll

Deoptimization events (20 events):
Event: 2591.469 Thread 0x0000021dfaef3d20 Uncommon trap: trap_request=0xffffffde fr.pc=0x0000021de458c81c relative=0x000000000000025c
Event: 2591.469 Thread 0x0000021dfaef3d20 Uncommon trap: reason=class_check action=maybe_recompile pc=0x0000021de458c81c method=kotlin.collections.CollectionsKt___CollectionsKt.toList(Ljava/lang/Iterable;)Ljava/util/List; @ 71 c2
Event: 2591.469 Thread 0x0000021dfaef3d20 DEOPT PACKING pc=0x0000021de458c81c sp=0x00000061ab6fd790
Event: 2591.469 Thread 0x0000021dfaef3d20 DEOPT UNPACKING pc=0x0000021de3ca69a3 sp=0x00000061ab6fd738 mode 2
Event: 2591.475 Thread 0x0000021dfaef3d20 Uncommon trap: trap_request=0xffffff45 fr.pc=0x0000021de459f86c relative=0x00000000000000ec
Event: 2591.475 Thread 0x0000021dfaef3d20 Uncommon trap: reason=unstable_if action=reinterpret pc=0x0000021de459f86c method=org.objectweb.asm.ByteVector.putShort(I)Lorg/objectweb/asm/ByteVector; @ 13 c2
Event: 2591.475 Thread 0x0000021dfaef3d20 DEOPT PACKING pc=0x0000021de459f86c sp=0x00000061ab6fd900
Event: 2591.475 Thread 0x0000021dfaef3d20 DEOPT UNPACKING pc=0x0000021de3ca69a3 sp=0x00000061ab6fd898 mode 2
Event: 2591.483 Thread 0x0000021dfaef3d20 Uncommon trap: trap_request=0xffffffde fr.pc=0x0000021de4d7e92c relative=0x0000000000000aac
Event: 2591.483 Thread 0x0000021dfaef3d20 Uncommon trap: reason=class_check action=maybe_recompile pc=0x0000021de4d7e92c method=com.google.common.collect.ImmutableMap.copyOf(Ljava/util/Map;)Lcom/google/common/collect/ImmutableMap; @ 15 c2
Event: 2591.483 Thread 0x0000021dfaef3d20 DEOPT PACKING pc=0x0000021de4d7e92c sp=0x00000061ab6fd780
Event: 2591.483 Thread 0x0000021dfaef3d20 DEOPT UNPACKING pc=0x0000021de3ca69a3 sp=0x00000061ab6fd758 mode 2
Event: 2591.483 Thread 0x0000021dfaef3d20 Uncommon trap: trap_request=0xffffffde fr.pc=0x0000021de4d7e92c relative=0x0000000000000aac
Event: 2591.483 Thread 0x0000021dfaef3d20 Uncommon trap: reason=class_check action=maybe_recompile pc=0x0000021de4d7e92c method=com.google.common.collect.ImmutableMap.copyOf(Ljava/util/Map;)Lcom/google/common/collect/ImmutableMap; @ 15 c2
Event: 2591.483 Thread 0x0000021dfaef3d20 DEOPT PACKING pc=0x0000021de4d7e92c sp=0x00000061ab6fd780
Event: 2591.483 Thread 0x0000021dfaef3d20 DEOPT UNPACKING pc=0x0000021de3ca69a3 sp=0x00000061ab6fd758 mode 2
Event: 2591.562 Thread 0x0000021dfbea4260 Uncommon trap: trap_request=0xffffff45 fr.pc=0x0000021de47de0f8 relative=0x0000000000000898
Event: 2591.562 Thread 0x0000021dfbea4260 Uncommon trap: reason=unstable_if action=reinterpret pc=0x0000021de47de0f8 method=org.gradle.internal.snapshot.VfsRelativePath.lengthOfCommonPrefix(Ljava/lang/String;Lorg/gradle/internal/snapshot/CaseSensitivity;)I @ 117 c2
Event: 2591.562 Thread 0x0000021dfbea4260 DEOPT PACKING pc=0x0000021de47de0f8 sp=0x00000061a99fba50
Event: 2591.562 Thread 0x0000021dfbea4260 DEOPT UNPACKING pc=0x0000021de3ca69a3 sp=0x00000061a99fb9d8 mode 2

Classes unloaded (20 events):
Event: 2581.900 Thread 0x0000021df32f0bf0 Unloading class 0x00000001002e4800 'java/lang/invoke/LambdaForm$MH+0x00000001002e4800'
Event: 2581.900 Thread 0x0000021df32f0bf0 Unloading class 0x00000001002e4400 'java/lang/invoke/LambdaForm$BMH+0x00000001002e4400'
Event: 2581.900 Thread 0x0000021df32f0bf0 Unloading class 0x0000000100210400 'java/lang/invoke/LambdaForm$DMH+0x0000000100210400'
Event: 2581.900 Thread 0x0000021df32f0bf0 Unloading class 0x000000010020dc00 'java/lang/invoke/LambdaForm$DMH+0x000000010020dc00'
Event: 2581.900 Thread 0x0000021df32f0bf0 Unloading class 0x000000010020d800 'java/lang/invoke/LambdaForm$MH+0x000000010020d800'
Event: 2581.900 Thread 0x0000021df32f0bf0 Unloading class 0x000000010020d400 'java/lang/invoke/LambdaForm$MH+0x000000010020d400'
Event: 2581.900 Thread 0x0000021df32f0bf0 Unloading class 0x000000010020d000 'java/lang/invoke/LambdaForm$MH+0x000000010020d000'
Event: 2581.900 Thread 0x0000021df32f0bf0 Unloading class 0x000000010020cc00 'java/lang/invoke/LambdaForm$MH+0x000000010020cc00'
Event: 2581.900 Thread 0x0000021df32f0bf0 Unloading class 0x00000001001ae400 'java/lang/invoke/LambdaForm$MH+0x00000001001ae400'
Event: 2581.900 Thread 0x0000021df32f0bf0 Unloading class 0x00000001001adc00 'java/lang/invoke/LambdaForm$MH+0x00000001001adc00'
Event: 2581.900 Thread 0x0000021df32f0bf0 Unloading class 0x00000001001ad800 'java/lang/invoke/LambdaForm$MH+0x00000001001ad800'
Event: 2581.900 Thread 0x0000021df32f0bf0 Unloading class 0x00000001001ad400 'java/lang/invoke/LambdaForm$MH+0x00000001001ad400'
Event: 2581.900 Thread 0x0000021df32f0bf0 Unloading class 0x00000001001ad000 'java/lang/invoke/LambdaForm$MH+0x00000001001ad000'
Event: 2581.900 Thread 0x0000021df32f0bf0 Unloading class 0x00000001001ac800 'java/lang/invoke/LambdaForm$MH+0x00000001001ac800'
Event: 2581.900 Thread 0x0000021df32f0bf0 Unloading class 0x0000000100110000 'java/lang/invoke/LambdaForm$DMH+0x0000000100110000'
Event: 2581.900 Thread 0x0000021df32f0bf0 Unloading class 0x00000001000eec00 'java/lang/invoke/LambdaForm$MH+0x00000001000eec00'
Event: 2581.900 Thread 0x0000021df32f0bf0 Unloading class 0x00000001000ee800 'java/lang/invoke/LambdaForm$MH+0x00000001000ee800'
Event: 2581.900 Thread 0x0000021df32f0bf0 Unloading class 0x00000001000ec400 'java/lang/invoke/LambdaForm$MH+0x00000001000ec400'
Event: 2584.339 Thread 0x0000021df32f0bf0 Unloading class 0x0000000100e6c400 'jdk/internal/reflect/GeneratedMethodAccessor125'
Event: 2584.339 Thread 0x0000021df32f0bf0 Unloading class 0x0000000100e6bc00 'jdk/internal/reflect/GeneratedConstructorAccessor121'

Classes redefined (0 events):
No events

Internal exceptions (20 events):
Event: 2586.243 Thread 0x0000021dfbea6ff0 Exception <a 'sun/nio/fs/WindowsException'{0x000000008bd783e0}> (0x000000008bd783e0) 
thrown [s\src\hotspot\share\prims\jni.cpp, line 531]
Event: 2586.252 Thread 0x0000021dfbea6ff0 Exception <a 'sun/nio/fs/WindowsException'{0x000000008ae4b390}> (0x000000008ae4b390) 
thrown [s\src\hotspot\share\prims\jni.cpp, line 531]
Event: 2586.292 Thread 0x0000021dfbea6ff0 Exception <a 'sun/nio/fs/WindowsException'{0x000000008ea37bc8}> (0x000000008ea37bc8) 
thrown [s\src\hotspot\share\prims\jni.cpp, line 531]
Event: 2586.292 Thread 0x0000021dfbea6ff0 Exception <a 'sun/nio/fs/WindowsException'{0x000000008ea39ae8}> (0x000000008ea39ae8) 
thrown [s\src\hotspot\share\prims\jni.cpp, line 531]
Event: 2586.297 Thread 0x0000021dfbea6ff0 Exception <a 'sun/nio/fs/WindowsException'{0x000000008e9088b0}> (0x000000008e9088b0) 
thrown [s\src\hotspot\share\prims\jni.cpp, line 531]
Event: 2586.365 Thread 0x0000021dfbea4260 Exception <a 'java/lang/NoSuchMethodError'{0x000000008e45e508}: static Lcom/android/builder/internal/aapt/AaptOptions;.<clinit>()V> (0x000000008e45e508) 
thrown [s\src\hotspot\share\prims\jni.cpp, line 1127]
Event: 2586.366 Thread 0x0000021dfbea4260 Exception <a 'java/lang/NoSuchMethodError'{0x000000008e473c10}: static Ljava/lang/Object;.<clinit>()V> (0x000000008e473c10) 
thrown [s\src\hotspot\share\prims\jni.cpp, line 1127]
Event: 2586.367 Thread 0x0000021dfbea4260 Exception <a 'java/lang/NoSuchMethodError'{0x000000008e490dd8}: static Lcom/android/build/api/variant/impl/SerializableApplicationMultiOutputHandler;.<clinit>()V> (0x000000008e490dd8) 
thrown [s\src\hotspot\share\prims\jni.cpp, line 1127]
Event: 2586.367 Thread 0x0000021dfbea4260 Exception <a 'java/lang/NoSuchMethodError'{0x000000008e4a7170}: static Lcom/android/build/api/variant/impl/VariantOutputImpl$SerializedForm;.<clinit>()V> (0x000000008e4a7170) 
thrown [s\src\hotspot\share\prims\jni.cpp, line 1127]
Event: 2586.367 Thread 0x0000021dfbea4260 Exception <a 'java/lang/NoSuchMethodError'{0x000000008e4bb788}: static Lcom/android/build/api/variant/impl/VariantOutputConfigurationImpl;.<clinit>()V> (0x000000008e4bb788) 
thrown [s\src\hotspot\share\prims\jni.cpp, line 1127]
Event: 2586.386 Thread 0x0000021dfaef3d20 Exception <a 'sun/nio/fs/WindowsException'{0x000000008e22e248}> (0x000000008e22e248) 
thrown [s\src\hotspot\share\prims\jni.cpp, line 531]
Event: 2586.386 Thread 0x0000021dfaef3d20 Exception <a 'sun/nio/fs/WindowsException'{0x000000008e22e7d8}> (0x000000008e22e7d8) 
thrown [s\src\hotspot\share\prims\jni.cpp, line 531]
Event: 2586.386 Thread 0x0000021dfaef3d20 Exception <a 'sun/nio/fs/WindowsException'{0x000000008e22f8f8}> (0x000000008e22f8f8) 
thrown [s\src\hotspot\share\prims\jni.cpp, line 531]
Event: 2586.386 Thread 0x0000021dfaef3d20 Exception <a 'sun/nio/fs/WindowsException'{0x000000008e22fe08}> (0x000000008e22fe08) 
thrown [s\src\hotspot\share\prims\jni.cpp, line 531]
Event: 2586.836 Thread 0x0000021dfaef3d20 Exception <a 'java/lang/NoSuchMethodError'{0x000000008df23478}: 'void java.lang.invoke.DirectMethodHandle$Holder.invokeStatic(java.lang.Object, long)'> (0x000000008df23478) 
thrown [s\src\hotspot\share\interpreter\linkResolver.cpp, line 771]
Event: 2586.836 Thread 0x0000021dfaef3d20 Exception <a 'java/lang/NoSuchMethodError'{0x000000008df28d30}: 'java.lang.Object java.lang.invoke.DirectMethodHandle$Holder.newInvokeSpecial(java.lang.Object, long)'> (0x000000008df28d30) 
thrown [s\src\hotspot\share\interpreter\linkResolver.cpp, line 771]
Event: 2586.838 Thread 0x0000021dfaef3d20 Exception <a 'java/lang/NoSuchMethodError'{0x000000008df32658}: 'java.lang.Object java.lang.invoke.DirectMethodHandle$Holder.invokeStatic(java.lang.Object, java.lang.Object, long, java.lang.Object)'> (0x000000008df32658) 
thrown [s\src\hotspot\share\interpreter\linkResolver.cpp, line 771]
Event: 2586.838 Thread 0x0000021dfaef3d20 Exception <a 'java/lang/NoSuchMethodError'{0x000000008df360d8}: 'java.lang.Object java.lang.invoke.DirectMethodHandle$Holder.invokeStaticInit(java.lang.Object, java.lang.Object, long, java.lang.Object)'> (0x000000008df360d8) 
thrown [s\src\hotspot\share\interpreter\linkResolver.cpp, line 771]
Event: 2591.430 Thread 0x0000021dfaef3d20 Exception <a 'sun/nio/fs/WindowsException'{0x000000008c63cb58}> (0x000000008c63cb58) 
thrown [s\src\hotspot\share\prims\jni.cpp, line 531]
Event: 2591.430 Thread 0x0000021dfaef3d20 Exception <a 'sun/nio/fs/WindowsException'{0x000000008c63d068}> (0x000000008c63d068) 
thrown [s\src\hotspot\share\prims\jni.cpp, line 531]

VM Operations (20 events):
Event: 2586.083 Executing VM operation: HandshakeAllThreads
Event: 2586.083 Executing VM operation: HandshakeAllThreads done
Event: 2586.083 Executing VM operation: Cleanup
Event: 2586.083 Executing VM operation: Cleanup done
Event: 2586.258 Executing VM operation: G1CollectForAllocation
Event: 2586.263 Executing VM operation: G1CollectForAllocation done
Event: 2586.309 Executing VM operation: G1PauseRemark
Event: 2586.313 Executing VM operation: G1PauseRemark done
Event: 2586.332 Executing VM operation: G1PauseCleanup
Event: 2586.332 Executing VM operation: G1PauseCleanup done
Event: 2586.708 Executing VM operation: HandshakeAllThreads
Event: 2586.709 Executing VM operation: HandshakeAllThreads done
Event: 2586.840 Executing VM operation: HandshakeAllThreads
Event: 2586.840 Executing VM operation: HandshakeAllThreads done
Event: 2587.845 Executing VM operation: Cleanup
Event: 2587.845 Executing VM operation: Cleanup done
Event: 2590.947 Executing VM operation: HandshakeAllThreads
Event: 2590.947 Executing VM operation: HandshakeAllThreads done
Event: 2590.947 Executing VM operation: Cleanup
Event: 2590.947 Executing VM operation: Cleanup done

Events (20 events):
Event: 2586.717 loading class java/lang/ProcessImpl
Event: 2586.717 loading class java/lang/ProcessImpl done
Event: 2586.836 Thread 0x0000021dfb6a3740 Thread exited: 0x0000021dfb6a3740
Event: 2586.836 Thread 0x0000021dfb6a7700 Thread exited: 0x0000021dfb6a7700
Event: 2586.837 loading class java/lang/ProcessHandleImpl
Event: 2586.837 loading class java/lang/ProcessHandleImpl done
Event: 2586.838 loading class java/lang/ProcessImpl$2
Event: 2586.838 loading class java/lang/ProcessImpl$2 done
Event: 2586.838 loading class java/lang/Process$PipeInputStream
Event: 2586.838 loading class java/lang/Process$PipeInputStream done
Event: 2586.840 loading class jdk/internal/event/ProcessStartEvent
Event: 2586.840 loading class jdk/internal/event/ProcessStartEvent done
Event: 2586.842 Thread 0x0000021dfe71a6e0 Thread added: 0x0000021dfe71a6e0
Event: 2586.842 Thread 0x0000021dfe717950 Thread added: 0x0000021dfe717950
Event: 2590.871 Thread 0x0000021df9fc0690 Thread added: 0x0000021df9fc0690
Event: 2590.909 Thread 0x0000021dfb6a7700 Thread added: 0x0000021dfb6a7700
Event: 2591.151 Thread 0x0000021dfb6a7700 Thread exited: 0x0000021dfb6a7700
Event: 2591.212 Thread 0x0000021df9fc0690 Thread exited: 0x0000021df9fc0690
Event: 2591.334 Thread 0x0000021dfb6a3740 Thread added: 0x0000021dfb6a3740
Event: 2591.469 Thread 0x0000021dfb6a7700 Thread added: 0x0000021dfb6a7700


Dynamic libraries:
0x00007ff7fae80000 - 0x00007ff7fae8a000 	D:\pmul\android-studio\jbr\bin\java.exe
0x00007ffbbde90000 - 0x00007ffbbe0a7000 	C:\Windows\SYSTEM32\ntdll.dll
0x00007ffbbd5b0000 - 0x00007ffbbd674000 	C:\Windows\System32\KERNEL32.DLL
0x00007ffbbb010000 - 0x00007ffbbb3e0000 	C:\Windows\System32\KERNELBASE.dll
0x00007ffbbb3e0000 - 0x00007ffbbb4f1000 	C:\Windows\System32\ucrtbase.dll
0x00007ffb9dfd0000 - 0x00007ffb9dfe7000 	D:\pmul\android-studio\jbr\bin\jli.dll
0x00007ffb93540000 - 0x00007ffb9355b000 	D:\pmul\android-studio\jbr\bin\VCRUNTIME140.dll
0x00007ffbbbba0000 - 0x00007ffbbbd51000 	C:\Windows\System32\USER32.dll
0x00007ffbbb580000 - 0x00007ffbbb5a6000 	C:\Windows\System32\win32u.dll
0x00007ffb94540000 - 0x00007ffb947dc000 	C:\Windows\WinSxS\amd64_microsoft.windows.common-controls_6595b64144ccf1df_6.0.22621.5840_none_2710ea077384a4fe\COMCTL32.dll
0x00007ffbbdb60000 - 0x00007ffbbdb89000 	C:\Windows\System32\GDI32.dll
0x00007ffbbdd30000 - 0x00007ffbbddd7000 	C:\Windows\System32\msvcrt.dll
0x00007ffbbb9f0000 - 0x00007ffbbbb13000 	C:\Windows\System32\gdi32full.dll
0x00007ffbbb5e0000 - 0x00007ffbbb67a000 	C:\Windows\System32\msvcp_win.dll
0x00007ffbbd570000 - 0x00007ffbbd5a1000 	C:\Windows\System32\IMM32.DLL
0x00007ffb962c0000 - 0x00007ffb962cc000 	D:\pmul\android-studio\jbr\bin\vcruntime140_1.dll
0x00007ffb3cf00000 - 0x00007ffb3cf8d000 	D:\pmul\android-studio\jbr\bin\msvcp140.dll
0x00007ffb53a20000 - 0x00007ffb546a3000 	D:\pmul\android-studio\jbr\bin\server\jvm.dll
0x00007ffbbbd60000 - 0x00007ffbbbe11000 	C:\Windows\System32\ADVAPI32.dll
0x00007ffbbd700000 - 0x00007ffbbd7a8000 	C:\Windows\System32\sechost.dll
0x00007ffbbb5b0000 - 0x00007ffbbb5d8000 	C:\Windows\System32\bcrypt.dll
0x00007ffbbbe20000 - 0x00007ffbbbf38000 	C:\Windows\System32\RPCRT4.dll
0x00007ffba0180000 - 0x00007ffba0189000 	C:\Windows\SYSTEM32\WSOCK32.dll
0x00007ffbbacb0000 - 0x00007ffbbacfd000 	C:\Windows\SYSTEM32\POWRPROF.dll
0x00007ffba3300000 - 0x00007ffba3334000 	C:\Windows\SYSTEM32\WINMM.dll
0x00007ffbbbb20000 - 0x00007ffbbbb91000 	C:\Windows\System32\WS2_32.dll
0x00007ffbb6cd0000 - 0x00007ffbb6cda000 	C:\Windows\SYSTEM32\VERSION.dll
0x00007ffbbac90000 - 0x00007ffbbaca3000 	C:\Windows\SYSTEM32\UMPDC.dll
0x00007ffbb9f00000 - 0x00007ffbb9f18000 	C:\Windows\SYSTEM32\kernel.appcore.dll
0x00007ffbb6700000 - 0x00007ffbb670a000 	D:\pmul\android-studio\jbr\bin\jimage.dll
0x00007ffb9ff40000 - 0x00007ffba0173000 	C:\Windows\SYSTEM32\DBGHELP.DLL
0x00007ffbbc790000 - 0x00007ffbbcb21000 	C:\Windows\System32\combase.dll
0x00007ffbbd7c0000 - 0x00007ffbbd898000 	C:\Windows\System32\OLEAUT32.dll
0x00007ffba2620000 - 0x00007ffba2652000 	C:\Windows\SYSTEM32\dbgcore.DLL
0x00007ffbbaf90000 - 0x00007ffbbb00b000 	C:\Windows\System32\bcryptPrimitives.dll
0x00007ffb9e0a0000 - 0x00007ffb9e0ae000 	D:\pmul\android-studio\jbr\bin\instrument.dll
0x00007ffbb61c0000 - 0x00007ffbb61e5000 	D:\pmul\android-studio\jbr\bin\java.dll
0x00007ffbb62f0000 - 0x00007ffbb6308000 	D:\pmul\android-studio\jbr\bin\zip.dll
0x00007ffbbcb30000 - 0x00007ffbbd3d1000 	C:\Windows\System32\SHELL32.dll
0x00007ffbbb7f0000 - 0x00007ffbbb92f000 	C:\Windows\System32\wintypes.dll
0x00007ffbb8d90000 - 0x00007ffbb96aa000 	C:\Windows\SYSTEM32\windows.storage.dll
0x00007ffbbda50000 - 0x00007ffbbdb5a000 	C:\Windows\System32\SHCORE.dll
0x00007ffbbd8a0000 - 0x00007ffbbd909000 	C:\Windows\System32\shlwapi.dll
0x00007ffbbaec0000 - 0x00007ffbbaee5000 	C:\Windows\SYSTEM32\profapi.dll
0x00007ffbb3470000 - 0x00007ffbb3489000 	D:\pmul\android-studio\jbr\bin\net.dll
0x00007ffbb6b80000 - 0x00007ffbb6cac000 	C:\Windows\SYSTEM32\WINHTTP.dll
0x00007ffbba440000 - 0x00007ffbba4a9000 	C:\Windows\system32\mswsock.dll
0x00007ffb9e1b0000 - 0x00007ffb9e1c6000 	D:\pmul\android-studio\jbr\bin\nio.dll
0x00007ffbb6450000 - 0x00007ffbb6460000 	D:\pmul\android-studio\jbr\bin\verify.dll
0x00007ffb94320000 - 0x00007ffb94347000 	D:\pmul\.gradle\native\c067742578af261105cb4f569cf0c3c89f3d7b1fecec35dd04571415982c5e48\windows-amd64\native-platform.dll
0x00007ffb3cdb0000 - 0x00007ffb3cef4000 	D:\pmul\.gradle\native\38dada09dfb8b06ba9b0570ebf7e218e3eb74d4ef43ca46872605cf95ebc2f47\windows-amd64\native-platform-file-events.dll
0x00007ffb9e0c0000 - 0x00007ffb9e0c9000 	D:\pmul\android-studio\jbr\bin\management.dll
0x00007ffb9e0b0000 - 0x00007ffb9e0bb000 	D:\pmul\android-studio\jbr\bin\management_ext.dll
0x00007ffbbd560000 - 0x00007ffbbd568000 	C:\Windows\System32\PSAPI.DLL
0x00007ffbba6a0000 - 0x00007ffbba6bb000 	C:\Windows\SYSTEM32\CRYPTSP.dll
0x00007ffbb9ec0000 - 0x00007ffbb9ef7000 	C:\Windows\system32\rsaenh.dll
0x00007ffbba530000 - 0x00007ffbba558000 	C:\Windows\SYSTEM32\USERENV.dll
0x00007ffbba690000 - 0x00007ffbba69c000 	C:\Windows\SYSTEM32\CRYPTBASE.dll
0x00007ffbb9800000 - 0x00007ffbb982d000 	C:\Windows\SYSTEM32\IPHLPAPI.DLL
0x00007ffbbc3d0000 - 0x00007ffbbc3d9000 	C:\Windows\System32\NSI.dll
0x00007ffbb74c0000 - 0x00007ffbb74d9000 	C:\Windows\SYSTEM32\dhcpcsvc6.DLL
0x00007ffbb74a0000 - 0x00007ffbb74bf000 	C:\Windows\SYSTEM32\dhcpcsvc.DLL
0x00007ffbb9830000 - 0x00007ffbb9928000 	C:\Windows\SYSTEM32\DNSAPI.dll
0x00007ffbb61a0000 - 0x00007ffbb61a9000 	D:\pmul\android-studio\jbr\bin\extnet.dll
0x00007ffba25e0000 - 0x00007ffba25e8000 	C:\Windows\system32\wshunix.dll
0x00007ffbba070000 - 0x00007ffbba0a4000 	C:\Windows\SYSTEM32\ntmarta.dll

dbghelp: loaded successfully - version: 4.0.5 - missing functions: none
symbol engine: initialized successfully - sym options: 0x614 - pdb path: .;D:\pmul\android-studio\jbr\bin;C:\Windows\SYSTEM32;C:\Windows\WinSxS\amd64_microsoft.windows.common-controls_6595b64144ccf1df_6.0.22621.5840_none_2710ea077384a4fe;D:\pmul\android-studio\jbr\bin\server;D:\pmul\.gradle\native\c067742578af261105cb4f569cf0c3c89f3d7b1fecec35dd04571415982c5e48\windows-amd64;D:\pmul\.gradle\native\38dada09dfb8b06ba9b0570ebf7e218e3eb74d4ef43ca46872605cf95ebc2f47\windows-amd64

VM Arguments:
jvm_args: --add-opens=java.base/java.util=ALL-UNNAMED --add-opens=java.base/java.lang=ALL-UNNAMED --add-opens=java.base/java.lang.invoke=ALL-UNNAMED --add-opens=java.prefs/java.util.prefs=ALL-UNNAMED --add-opens=java.base/java.nio.charset=ALL-UNNAMED --add-opens=java.base/java.net=ALL-UNNAMED --add-opens=java.base/java.util.concurrent.atomic=ALL-UNNAMED -Xmx2048m -Dfile.encoding=UTF-8 -Duser.country=ES -Duser.language=es -Duser.variant -javaagent:D:\PMUL\.gradle\wrapper\dists\gradle-8.7-bin\bhs2wmbdwecv87pi65oeuq5iu\gradle-8.7\lib\agents\gradle-instrumentation-agent-8.7.jar 
java_command: org.gradle.launcher.daemon.bootstrap.GradleDaemon 8.7
java_class_path (initial): D:\PMUL\.gradle\wrapper\dists\gradle-8.7-bin\bhs2wmbdwecv87pi65oeuq5iu\gradle-8.7\lib\gradle-launcher-8.7.jar
Launcher Type: SUN_STANDARD

[Global flags]
     intx CICompilerCount                          = 4                                         {product} {ergonomic}
     uint ConcGCThreads                            = 3                                         {product} {ergonomic}
     uint G1ConcRefinementThreads                  = 10                                        {product} {ergonomic}
   size_t G1HeapRegionSize                         = 1048576                                   {product} {ergonomic}
    uintx GCDrainStackTargetSize                   = 64                                        {product} {ergonomic}
   size_t InitialHeapSize                          = 266338304                                 {product} {ergonomic}
   size_t MarkStackSize                            = 4194304                                   {product} {ergonomic}
   size_t MaxHeapSize                              = 2147483648                                {product} {command line}
   size_t MaxNewSize                               = 1287651328                                {product} {ergonomic}
   size_t MinHeapDeltaBytes                        = 1048576                                   {product} {ergonomic}
   size_t MinHeapSize                              = 8388608                                   {product} {ergonomic}
    uintx NonNMethodCodeHeapSize                   = 5839372                                {pd product} {ergonomic}
    uintx NonProfiledCodeHeapSize                  = 122909434                              {pd product} {ergonomic}
    uintx ProfiledCodeHeapSize                     = 122909434                              {pd product} {ergonomic}
    uintx ReservedCodeCacheSize                    = 251658240                              {pd product} {ergonomic}
     bool SegmentedCodeCache                       = true                                      {product} {ergonomic}
   size_t SoftMaxHeapSize                          = 2147483648                             {manageable} {ergonomic}
     bool UseCompressedClassPointers               = true                           {product lp64_product} {ergonomic}
     bool UseCompressedOops                        = true                           {product lp64_product} {ergonomic}
     bool UseG1GC                                  = true                                      {product} {ergonomic}
     bool UseLargePagesIndividualAllocation        = false                                  {pd product} {ergonomic}

Logging:
Log output configuration:
 #0: stdout all=warning uptime,level,tags
 #1: stderr all=off uptime,level,tags

Environment Variables:
JAVA_HOME=D:\yotermart\Programas\zulu21.44.17-ca-jdk21.0.8-win_x64
PATH=\\LAPAMAN\NETLOGON;C:\Windows\system32;C:\Windows;C:\Windows\System32\Wbem;C:\Windows\System32\WindowsPowerShell\v1.0\;C:\Windows\System32\OpenSSH\;C:\ProgramData\chocolatey\bin;C:\Program Files\Zabbix Agent;D:\yotermart\Programas\python\Scripts\;D:\yotermart\Programas\python\;C:\Users\yotermart\AppData\Local\Programs\Python\Launcher\;C:\Users\yotermart\AppData\Local\Microsoft\WindowsApps;D:\yotermart\Programas\Microsoft VS Code\bin;D:\yotermart\Programas\zulu21.44.17-ca-jdk21.0.8-win_x64\bin;D:\yotermart\Programas\zulu21.44.17-ca-jdk21.0.8-win_x64\bin;C:\Users\yotermart\AppData\Local\Programs\Git\cmd;D:\yotermart\Programas\zulu21.44.17-ca-fx-jdk21.0.8-win_x64\bin;
USERNAME=yotermart
OS=Windows_NT
PROCESSOR_IDENTIFIER=Intel64 Family 6 Model 165 Stepping 3, GenuineIntel
TMP=C:\Users\YOTERM~1\AppData\Local\Temp
TEMP=C:\Users\YOTERM~1\AppData\Local\Temp



Periodic native trim disabled

JNI global refs:
JNI global refs: 27, weak refs: 0

JNI global refs memory usage: 843, weak refs: 841

Process memory usage:
Resident Set Size: 511104K (3% of 16547040K total physical memory with 3503456K free physical memory)

OOME stack traces (most recent first):
Classloader memory used:
Loader org.gradle.internal.classloader.VisitableURLClassLoader                         : 4930K
Loader org.gradle.internal.classloader.VisitableURLClassLoader$InstrumentingVisitableURLClassLoader: 4746K
Loader bootstrap                                                                       : 3302K
Loader org.gradle.initialization.MixInLegacyTypesClassLoader                           : 1427K
Loader jdk.internal.reflect.DelegatingClassLoader                                      : 158K
Loader jdk.internal.loader.ClassLoaders$PlatformClassLoader                            : 69869B
Loader jdk.internal.loader.ClassLoaders$AppClassLoader                                 : 28440B
Loader org.gradle.internal.classloader.VisitableURLClassLoader                         : 20028B
Loader sun.reflect.misc.MethodUtil                                                     : 373B

Classes loaded by more than one classloader:
Class Program                                                                         : loaded 5 times (x 70B)
Class Build_gradle$1                                                                  : loaded 3 times (x 72B)
Class Build_gradle                                                                    : loaded 3 times (x 128B)
Class com.google.common.collect.Iterators$MergingIterator                             : loaded 2 times (x 79B)
Class com.google.common.io.Closer$SuppressingSuppressor                               : loaded 2 times (x 73B)
Class org.objectweb.asm.ModuleVisitor                                                 : loaded 2 times (x 79B)
Class com.google.common.io.ByteSource                                                 : loaded 2 times (x 82B)
Class [Lcom.google.common.collect.AbstractMapEntry;                                   : loaded 2 times (x 67B)
Class com.google.common.io.AppendableWriter                                           : loaded 2 times (x 98B)
Class com.google.common.collect.ImmutableRangeSet$AsSet                               : loaded 2 times (x 233B)
Class com.google.common.collect.SingletonImmutableList                                : loaded 2 times (x 167B)
Class com.google.common.cache.CacheLoader$SupplierToCacheLoader                       : loaded 2 times (x 73B)
Class org.gradle.internal.classpath.ClassPath                                         : loaded 2 times (x 68B)
Class com.google.common.io.FileWriteMode                                              : loaded 2 times (x 77B)
Class com.google.common.cache.RemovalListener                                         : loaded 2 times (x 68B)
Class org.gradle.api.internal.classpath.DefaultModuleRegistry                         : loaded 2 times (x 84B)
Class com.google.common.collect.FluentIterable$1                                      : loaded 2 times (x 79B)
Class com.google.common.collect.FluentIterable$2                                      : loaded 2 times (x 79B)
Class com.google.common.collect.FluentIterable$3                                      : loaded 2 times (x 79B)
Class Settings_gradle$1$1                                                             : loaded 2 times (x 72B)
Class com.google.common.collect.ImmutableEnumSet                                      : loaded 2 times (x 144B)
Class [Lcom.google.common.collect.MapMaker$Dummy;                                     : loaded 2 times (x 67B)
Class com.google.common.collect.ListMultimap                                          : loaded 2 times (x 68B)
Class com.google.common.base.CharMatcher$JavaDigit                                    : loaded 2 times (x 109B)
Class com.google.common.base.CharMatcher$Digit                                        : loaded 2 times (x 110B)
Class com.google.common.collect.AbstractMultimap                                      : loaded 2 times (x 121B)
Class com.google.common.cache.CacheBuilder$OneWeigher                                 : loaded 2 times (x 80B)
Class org.gradle.api.Action                                                           : loaded 2 times (x 68B)
Class com.google.common.collect.ImmutableEntry                                        : loaded 2 times (x 80B)
Class com.google.common.collect.Lists$StringAsImmutableList                           : loaded 2 times (x 167B)
Class com.google.common.cache.LocalCache$StrongEntry                                  : loaded 2 times (x 106B)
Class com.google.common.collect.MapMakerInternalMap$InternalEntryHelper               : loaded 2 times (x 68B)
Class org.objectweb.asm.FieldWriter                                                   : loaded 2 times (x 76B)
Class com.google.common.base.CharMatcher                                              : loaded 2 times (x 109B)
Class com.google.common.base.CharMatcher$IsNot                                        : loaded 2 times (x 109B)
Class com.google.common.collect.RegularImmutableSortedSet                             : loaded 2 times (x 233B)
Class com.google.common.collect.Maps$IteratorBasedAbstractMap                         : loaded 2 times (x 123B)
Class com.google.common.base.Splitter                                                 : loaded 2 times (x 70B)
Class [Lcom.google.common.cache.Weigher;                                              : loaded 2 times (x 67B)
Class com.google.common.collect.Iterators$ArrayItr                                    : loaded 2 times (x 95B)
Class com.google.common.collect.MapMakerInternalMap$Strength                          : loaded 2 times (x 78B)
Class com.google.common.cache.LocalCache$Segment                                      : loaded 2 times (x 152B)
Class org.gradle.api.internal.DefaultClassPathProvider                                : loaded 2 times (x 74B)
Class org.gradle.internal.installation.GradleInstallation$1                           : loaded 2 times (x 73B)
Class com.google.common.cache.LocalCache$AbstractReferenceEntry                       : loaded 2 times (x 105B)
Class org.objectweb.asm.Type                                                          : loaded 2 times (x 70B)
Class com.google.common.util.concurrent.AbstractFuture$Failure                        : loaded 2 times (x 70B)
Class com.google.common.base.CharMatcher$BitSetMatcher                                : loaded 2 times (x 110B)
Class com.google.common.collect.ImmutableMap$IteratorBasedImmutableMap                : loaded 2 times (x 123B)
Class com.google.common.reflect.Reflection                                            : loaded 2 times (x 69B)
Class com.google.common.io.Files$FileByteSource                                       : loaded 2 times (x 83B)
Class com.google.common.collect.ImmutableMap                                          : loaded 2 times (x 118B)
Class com.google.common.base.Converter                                                : loaded 2 times (x 88B)
Class com.google.common.collect.ImmutableSortedSetFauxverideShim                      : loaded 2 times (x 145B)
Class com.google.common.collect.ImmutableSet$EmptySetBuilderImpl                      : loaded 2 times (x 74B)
Class com.google.common.base.Equivalence                                              : loaded 2 times (x 80B)
Class com.google.common.primitives.Ints                                               : loaded 2 times (x 69B)
Class com.google.common.cache.LocalCache$EntryFactory$1                               : loaded 2 times (x 81B)
Class com.google.common.cache.LocalCache$EntryFactory$2                               : loaded 2 times (x 81B)
Class com.google.common.cache.LocalCache$EntryFactory$3                               : loaded 2 times (x 81B)
Class com.google.common.cache.LocalCache$EntryFactory$4                               : loaded 2 times (x 81B)
Class com.google.common.cache.LocalCache$EntryFactory$5                               : loaded 2 times (x 81B)
Class com.google.common.cache.LocalCache$EntryFactory$6                               : loaded 2 times (x 81B)
Class com.google.common.reflect.TypeResolver$TypeVariableKey                          : loaded 2 times (x 70B)
Class com.google.common.cache.LocalCache$EntryFactory$7                               : loaded 2 times (x 81B)
Class com.google.common.cache.LocalCache$EntryFactory$8                               : loaded 2 times (x 81B)
Class com.google.common.base.Predicate                                                : loaded 2 times (x 68B)
Class com.google.common.cache.LocalCache$StrongValueReference                         : loaded 2 times (x 88B)
Class org.gradle.internal.classloader.FilteringClassLoader                            : loaded 2 times (x 103B)
Class com.google.common.collect.AbstractMapBasedMultimap$WrappedCollection            : loaded 2 times (x 122B)
Class com.google.common.reflect.TypeResolver$TypeTable                                : loaded 2 times (x 71B)
Class com.google.common.reflect.Invokable$MethodInvokable                             : loaded 2 times (x 103B)
Class com.google.common.collect.RegularImmutableSet                                   : loaded 2 times (x 146B)
Class [Lcom.google.common.cache.LocalCache$Strength;                                  : loaded 2 times (x 67B)
Class org.gradle.internal.classpath.DefaultClassPath$ImmutableUniqueList$Builder      : loaded 2 times (x 73B)
Class com.google.common.collect.AbstractRangeSet                                      : loaded 2 times (x 112B)
Class com.google.common.collect.Maps$8                                                : loaded 2 times (x 80B)
Class [Lcom.google.common.cache.CacheBuilder$NullListener;                            : loaded 2 times (x 67B)
Class com.google.common.base.PatternCompiler                                          : loaded 2 times (x 68B)
Class com.google.common.io.CharStreams$NullWriter                                     : loaded 2 times (x 97B)
Class com.google.common.base.CharMatcher$InRange                                      : loaded 2 times (x 109B)
Class com.google.common.collect.Maps$KeySet                                           : loaded 2 times (x 135B)
Class com.google.common.collect.ImmutableMultimap$EntryCollection                     : loaded 2 times (x 125B)
Class com.google.common.collect.Sets$SetView                                          : loaded 2 times (x 136B)
Class com.google.common.collect.BiMap                                                 : loaded 2 times (x 68B)
Class com.google.common.collect.Lists                                                 : loaded 2 times (x 69B)
Class org.objectweb.asm.AnnotationWriter                                              : loaded 2 times (x 77B)
Class com.google.common.math.IntMath$1                                                : loaded 2 times (x 69B)
Class org.gradle.internal.classloader.ClassLoaderVisitor                              : loaded 2 times (x 74B)
Class org.objectweb.asm.Label                                                         : loaded 2 times (x 71B)
Class com.google.common.cache.CacheBuilder$NullListener                               : loaded 2 times (x 80B)
Class com.google.common.collect.ImmutableMultimap                                     : loaded 2 times (x 145B)
Class com.google.common.math.MathPreconditions                                        : loaded 2 times (x 69B)
Class org.gradle.internal.service.DefaultServiceLocator                               : loaded 2 times (x 81B)
Class org.gradle.internal.service.UnknownServiceException                             : loaded 2 times (x 81B)
Class com.google.common.util.concurrent.AbstractFuture$SynchronizedHelper             : loaded 2 times (x 76B)
Class com.google.common.collect.ArrayListMultimap                                     : loaded 2 times (x 170B)
Class com.google.common.base.Strings                                                  : loaded 2 times (x 69B)
Class com.google.common.io.Closer                                                     : loaded 2 times (x 76B)
Class com.google.common.cache.LocalCache$Values                                       : loaded 2 times (x 116B)
Class com.google.common.cache.CacheLoader$InvalidCacheLoadException                   : loaded 2 times (x 80B)
Class org.gradle.internal.classloader.DefaultClassLoaderFactory                       : loaded 2 times (x 80B)
Class com.google.common.collect.UnmodifiableIterator                                  : loaded 2 times (x 78B)
Class com.google.common.base.Stopwatch                                                : loaded 2 times (x 70B)
Class com.google.common.reflect.Types                                                 : loaded 2 times (x 69B)
Class com.google.common.base.Platform$JdkPatternCompiler                              : loaded 2 times (x 73B)
Class com.google.common.collect.Interners$InternerImpl                                : loaded 2 times (x 73B)
Class com.google.common.cache.LocalCache$LoadingValueReference                        : loaded 2 times (x 94B)
Class com.google.common.base.CharMatcher$SingleWidth                                  : loaded 2 times (x 110B)
Class com.google.common.collect.Hashing                                               : loaded 2 times (x 69B)
Class com.google.common.collect.MapMakerInternalMap$AbstractStrongKeyEntry            : loaded 2 times (x 78B)
Class com.google.common.collect.ImmutableRangeSet$ComplementRanges                    : loaded 2 times (x 167B)
Class [Lcom.google.common.reflect.Types$ClassOwnership;                               : loaded 2 times (x 67B)
Class com.google.common.base.JdkPattern                                               : loaded 2 times (x 73B)
Class com.google.common.base.Optional                                                 : loaded 2 times (x 78B)
Class com.google.common.collect.Multimap                                              : loaded 2 times (x 68B)
Class com.google.common.base.FunctionalEquivalence                                    : loaded 2 times (x 81B)
Class org.objectweb.asm.AnnotationVisitor                                             : loaded 2 times (x 76B)
Class org.objectweb.asm.RecordComponentWriter                                         : loaded 2 times (x 76B)
Class com.google.common.cache.LocalCache$1                                            : loaded 2 times (x 87B)
Class com.google.common.cache.LocalCache$2                                            : loaded 2 times (x 140B)
Class com.google.common.collect.RegularImmutableBiMap                                 : loaded 2 times (x 146B)
Class org.gradle.internal.classloader.VisitableURLClassLoader$Spec                    : loaded 2 times (x 72B)
Class org.gradle.api.GradleException                                                  : loaded 2 times (x 80B)
Class com.google.common.base.CharMatcher$JavaLetterOrDigit                            : loaded 2 times (x 109B)
Class org.gradle.api.internal.classpath.ModuleRegistry                                : loaded 2 times (x 68B)
Class com.google.common.collect.ForwardingObject                                      : loaded 2 times (x 70B)
Class com.google.common.reflect.TypeToken$1                                           : loaded 2 times (x 106B)
Class com.google.common.cache.CacheBuilder                                            : loaded 2 times (x 70B)
Class com.google.common.reflect.TypeToken$2                                           : loaded 2 times (x 106B)
Class org.objectweb.asm.ByteVector                                                    : loaded 2 times (x 77B)
Class com.google.common.collect.ImmutableCollection                                   : loaded 2 times (x 123B)
Class com.google.common.collect.ImmutableRangeSet                                     : loaded 2 times (x 113B)
Class com.google.common.base.PairwiseEquivalence                                      : loaded 2 times (x 81B)
Class com.google.common.base.Ticker                                                   : loaded 2 times (x 70B)
Class org.gradle.api.internal.ClassPathProvider                                       : loaded 2 times (x 68B)
Class com.google.common.base.Ascii                                                    : loaded 2 times (x 69B)
Class com.google.common.collect.RegularImmutableMap$Values                            : loaded 2 times (x 167B)
Class org.objectweb.asm.ModuleWriter                                                  : loaded 2 times (x 80B)
Class org.gradle.internal.classloader.ClasspathUtil$1                                 : loaded 2 times (x 74B)
Class com.google.common.collect.ImmutableEnumMap                                      : loaded 2 times (x 123B)
Class com.google.common.collect.ImmutableList$ReverseImmutableList                    : loaded 2 times (x 168B)
Class com.google.common.cache.AbstractCache$StatsCounter                              : loaded 2 times (x 68B)
Class org.objectweb.asm.FieldVisitor                                                  : loaded 2 times (x 75B)
Class org.objectweb.asm.Symbol                                                        : loaded 2 times (x 71B)
Class com.google.common.reflect.TypeToken                                             : loaded 2 times (x 71B)
Class com.google.common.cache.LocalCache$Strength$1                                   : loaded 2 times (x 79B)
Class com.google.common.collect.EmptyImmutableListMultimap                            : loaded 2 times (x 174B)
Class com.google.common.cache.LocalCache$Strength$2                                   : loaded 2 times (x 79B)
Class com.google.common.cache.LocalCache$Strength$3                                   : loaded 2 times (x 79B)
Class org.gradle.internal.classloader.ClassLoaderFactory                              : loaded 2 times (x 68B)
Class com.google.common.collect.ObjectArrays                                          : loaded 2 times (x 69B)
Class com.google.common.base.Absent                                                   : loaded 2 times (x 78B)
Class com.google.common.util.concurrent.AbstractFuture$Waiter                         : loaded 2 times (x 70B)
Class com.google.common.util.concurrent.Uninterruptibles                              : loaded 2 times (x 69B)
Class com.google.common.collect.Iterators$10                                          : loaded 2 times (x 79B)
Class com.google.common.collect.Iterators$EmptyModifiableIterator                     : loaded 2 times (x 84B)
Class com.google.common.collect.ImmutableList                                         : loaded 2 times (x 166B)
Class org.gradle.api.internal.classpath.ManifestUtil                                  : loaded 2 times (x 69B)
Class org.gradle.api.specs.Spec                                                       : loaded 2 times (x 68B)
Class com.google.common.collect.RangeSet                                              : loaded 2 times (x 68B)
Class com.google.common.cache.CacheLoader$UnsupportedLoadingOperationException        : loaded 2 times (x 80B)
Class com.google.common.base.CharMatcher$Whitespace                                   : loaded 2 times (x 110B)
Class com.google.common.util.concurrent.ListenableFuture                              : loaded 2 times (x 68B)
Class com.google.common.collect.MapMaker$Dummy                                        : loaded 2 times (x 77B)
Class com.google.common.collect.Iterators$1                                           : loaded 2 times (x 79B)
Class com.google.common.collect.BaseImmutableMultimap                                 : loaded 2 times (x 121B)
Class com.google.common.collect.Iterators$4                                           : loaded 2 times (x 80B)
Class com.google.common.collect.RegularImmutableMap$BucketOverflowException           : loaded 2 times (x 80B)
Class com.google.common.collect.Iterators$5                                           : loaded 2 times (x 80B)
Class com.google.common.util.concurrent.AbstractFuture$UnsafeAtomicHelper             : loaded 2 times (x 76B)
Class com.google.common.base.Joiner                                                   : loaded 2 times (x 77B)
Class com.google.common.base.Equivalence$Equals                                       : loaded 2 times (x 80B)
Class com.google.common.base.Preconditions                                            : loaded 2 times (x 69B)
Class com.google.common.base.Function                                                 : loaded 2 times (x 68B)
Class com.google.common.collect.Iterators$9                                           : loaded 2 times (x 79B)
Class org.gradle.internal.IoActions                                                   : loaded 2 times (x 69B)
Class com.google.common.collect.MapMakerInternalMap$StrongKeyDummyValueEntry$Helper   : loaded 2 times (x 77B)
Class com.google.common.cache.ReferenceEntry                                          : loaded 2 times (x 68B)
Class com.google.common.collect.RegularImmutableMap$KeySet                            : loaded 2 times (x 148B)
Class com.google.common.collect.CollectPreconditions                                  : loaded 2 times (x 69B)
Class com.google.common.primitives.IntsMethodsForWeb                                  : loaded 2 times (x 69B)
Class com.google.common.collect.RangeGwtSerializationDependencies                     : loaded 2 times (x 69B)
Class com.google.common.collect.Maps                                                  : loaded 2 times (x 69B)
Class com.google.common.collect.RegularImmutableMap                                   : loaded 2 times (x 119B)
Class com.google.common.collect.AbstractIndexedListIterator                           : loaded 2 times (x 94B)
Class com.google.common.collect.ImmutableMultimap$Builder                             : loaded 2 times (x 81B)
Class com.google.common.base.CharMatcher$None                                         : loaded 2 times (x 110B)
Class org.gradle.api.internal.classpath.EffectiveClassPath                            : loaded 2 times (x 88B)
Class com.google.common.collect.UnmodifiableListIterator                              : loaded 2 times (x 93B)
Class com.google.common.io.Files                                                      : loaded 2 times (x 69B)
Class com.google.common.cache.CacheLoader$FunctionToCacheLoader                       : loaded 2 times (x 73B)
Class com.google.common.cache.CacheBuilder$1                                          : loaded 2 times (x 83B)
Class com.google.common.cache.CacheBuilder$2                                          : loaded 2 times (x 70B)
Class [Lcom.google.common.collect.MapMakerInternalMap$Segment;                        : loaded 2 times (x 67B)
Class com.google.common.base.Splitter$Strategy                                        : loaded 2 times (x 68B)
Class com.google.common.io.CharStreams                                                : loaded 2 times (x 69B)
Class com.google.common.collect.ImmutableMapEntrySet$RegularEntrySet                  : loaded 2 times (x 149B)
Class [Lcom.google.common.cache.RemovalListener;                                      : loaded 2 times (x 67B)
Class [Lcom.google.common.collect.ImmutableMapEntry;                                  : loaded 2 times (x 67B)
Class com.google.common.collect.Interners                                             : loaded 2 times (x 69B)
Class com.google.common.collect.MapMakerInternalMap$Strength$1                        : loaded 2 times (x 78B)
Class org.gradle.internal.installation.CurrentGradleInstallation                      : loaded 2 times (x 71B)
Class com.google.common.collect.MapMakerInternalMap$Strength$2                        : loaded 2 times (x 78B)
Class org.gradle.internal.agents.InstrumentingClassLoader                             : loaded 2 times (x 68B)
Class org.gradle.internal.installation.CurrentGradleInstallationLocator               : loaded 2 times (x 69B)
Class [Lcom.google.common.cache.LocalCache$Segment;                                   : loaded 2 times (x 67B)
Class org.gradle.api.internal.classpath.Module                                        : loaded 2 times (x 68B)
Class com.google.common.collect.ImmutableSortedSet                                    : loaded 2 times (x 233B)
Class com.google.common.base.Splitter$1$1                                             : loaded 2 times (x 84B)
Class com.google.common.collect.MapMakerInternalMap$Segment                           : loaded 2 times (x 140B)
Class com.google.common.collect.ImmutableSet$JdkBackedSetBuilderImpl                  : loaded 2 times (x 74B)
Class com.google.common.reflect.Types$TypeVariableInvocationHandler                   : loaded 2 times (x 73B)
Class com.google.common.reflect.Types$ClassOwnership                                  : loaded 2 times (x 78B)
Class com.google.common.collect.ImmutableSet$RegularSetBuilderImpl                    : loaded 2 times (x 75B)
Class [Lorg.objectweb.asm.AnnotationWriter;                                           : loaded 2 times (x 67B)
Class org.gradle.internal.service.CachingServiceLocator                               : loaded 2 times (x 80B)
Class [Lcom.google.common.collect.ImmutableEntry;                                     : loaded 2 times (x 67B)
Class com.google.common.collect.Sets$ImprovedAbstractSet                              : loaded 2 times (x 133B)
Class com.google.common.collect.AbstractMapBasedMultimap$AsMap                        : loaded 2 times (x 126B)
Class org.gradle.internal.classpath.DefaultClassPath                                  : loaded 2 times (x 88B)
Class com.google.common.collect.MapMakerInternalMap$1                                 : loaded 2 times (x 81B)
Class com.google.common.util.concurrent.AbstractFuture$SetFuture                      : loaded 2 times (x 73B)
Class com.google.common.collect.CollectCollectors                                     : loaded 2 times (x 69B)
Class com.google.common.collect.TransformedIterator                                   : loaded 2 times (x 78B)
Class com.google.common.base.Splitter$SplittingIterator                               : loaded 2 times (x 82B)
Class com.google.common.collect.ImmutableMultisetGwtSerializationDependencies         : loaded 2 times (x 123B)
Class com.google.common.reflect.TypeParameter                                         : loaded 2 times (x 70B)
Class com.google.common.collect.ImmutableListMultimap                                 : loaded 2 times (x 174B)
Class com.google.common.cache.LocalCache$LocalManualCache$1                           : loaded 2 times (x 73B)
Class com.google.common.reflect.TypeCapture                                           : loaded 2 times (x 69B)
Class com.google.common.reflect.Types$ClassOwnership$1LocalClass                      : loaded 2 times (x 69B)
Class [Lcom.google.common.collect.AbstractIterator$State;                             : loaded 2 times (x 67B)
Class org.objectweb.asm.SymbolTable$Entry                                             : loaded 2 times (x 72B)
Class [Lcom.google.common.cache.LocalCache$EntryFactory;                              : loaded 2 times (x 67B)
Class com.google.common.base.CharMatcher$Is                                           : loaded 2 times (x 109B)
Class com.google.common.base.Platform                                                 : loaded 2 times (x 69B)
Class com.google.common.collect.RegularImmutableAsList                                : loaded 2 times (x 176B)
Class com.google.common.base.Suppliers$NonSerializableMemoizingSupplier               : loaded 2 times (x 77B)
Class com.google.common.collect.PeekingIterator                                       : loaded 2 times (x 68B)
Class com.google.common.reflect.TypeResolver$TypeTable$1                              : loaded 2 times (x 71B)
Class com.google.common.collect.ImmutableMapEntrySet                                  : loaded 2 times (x 149B)
Class com.google.common.cache.CacheLoader                                             : loaded 2 times (x 72B)
Class com.google.common.collect.ImmutableBiMapFauxverideShim                          : loaded 2 times (x 118B)
Class org.objectweb.asm.MethodTooLargeException                                       : loaded 2 times (x 81B)
Class com.google.common.cache.Cache                                                   : loaded 2 times (x 68B)
Class com.google.common.collect.Maps$EntrySet                                         : loaded 2 times (x 134B)
Class org.gradle.internal.classloader.SystemClassLoaderSpec                           : loaded 2 times (x 69B)
Class com.google.common.io.LineBuffer                                                 : loaded 2 times (x 73B)
Class com.google.common.util.concurrent.internal.InternalFutureFailureAccess          : loaded 2 times (x 70B)
Class com.google.common.base.Charsets                                                 : loaded 2 times (x 69B)
Class com.google.common.primitives.Ints$IntConverter                                  : loaded 2 times (x 88B)
Class com.google.common.collect.SingletonImmutableSet                                 : loaded 2 times (x 144B)
Class com.google.common.collect.Interners$InternerBuilder                             : loaded 2 times (x 74B)
Class com.google.common.reflect.Types$TypeVariableImpl                                : loaded 2 times (x 70B)
Class [Lcom.google.common.base.AbstractIterator$State;                                : loaded 2 times (x 67B)
Class com.google.common.collect.ImmutableMap$Builder                                  : loaded 2 times (x 80B)
Class com.google.common.io.LineReader$1                                               : loaded 2 times (x 73B)
Class com.google.common.base.AbstractIterator                                         : loaded 2 times (x 78B)
Class org.objectweb.asm.ClassWriter                                                   : loaded 2 times (x 104B)
Class com.google.common.collect.Range                                                 : loaded 2 times (x 85B)
Class com.google.common.base.AbstractIterator$1                                       : loaded 2 times (x 69B)
Class [Lcom.google.common.cache.CacheBuilder$OneWeigher;                              : loaded 2 times (x 67B)
Class com.google.common.collect.Iterators                                             : loaded 2 times (x 69B)
Class com.google.common.base.CharMatcher$1                                            : loaded 2 times (x 111B)
Class com.google.common.base.CharMatcher$Ascii                                        : loaded 2 times (x 110B)
Class com.google.common.cache.LocalCache$ComputingValueReference                      : loaded 2 times (x 94B)
Class com.google.common.collect.ImmutableList$SerializedForm                          : loaded 2 times (x 71B)
Class org.gradle.api.UncheckedIOException                                             : loaded 2 times (x 80B)
Class com.google.common.base.CharMatcher$And                                          : loaded 2 times (x 110B)
Class com.google.common.io.Files$FileByteSink                                         : loaded 2 times (x 75B)
Class [Lcom.google.common.io.FileWriteMode;                                           : loaded 2 times (x 67B)
Class com.google.common.collect.IndexedImmutableSet                                   : loaded 2 times (x 148B)
Class com.google.common.base.ExtraObjectsMethodsForWeb                                : loaded 2 times (x 69B)
Class com.google.common.collect.IndexedImmutableSet$1                                 : loaded 2 times (x 172B)
Class com.google.common.collect.AbstractListMultimap                                  : loaded 2 times (x 170B)
Class com.google.common.base.CharMatcher$Any                                          : loaded 2 times (x 110B)
Class org.gradle.internal.installation.GradleInstallation                             : loaded 2 times (x 73B)
Class com.google.common.cache.LocalCache$Strength                                     : loaded 2 times (x 79B)
Class com.google.common.collect.AbstractMapBasedMultimap$KeySet                       : loaded 2 times (x 135B)
Class com.google.common.collect.SortedIterable                                        : loaded 2 times (x 68B)
Class com.google.common.collect.ArrayListMultimapGwtSerializationDependencies         : loaded 2 times (x 170B)
Class com.google.common.base.CharMatcher$RangesMatcher                                : loaded 2 times (x 110B)
Class com.google.common.collect.AbstractMapBasedMultimap$RandomAccessWrappedList      : loaded 2 times (x 165B)
Class org.objectweb.asm.Handler                                                       : loaded 2 times (x 70B)
Class com.google.common.collect.ImmutableList$SubList                                 : loaded 2 times (x 168B)
Class com.google.common.cache.LocalCache$ValueReference                               : loaded 2 times (x 68B)
Class com.google.common.collect.CollectSpliterators                                   : loaded 2 times (x 69B)
Class com.google.common.io.Java8Compatibility                                         : loaded 2 times (x 69B)
Class org.gradle.internal.classloader.ClasspathUtil                                   : loaded 2 times (x 69B)
Class org.objectweb.asm.CurrentFrame                                                  : loaded 2 times (x 71B)
Class com.google.common.util.concurrent.AbstractFuture                                : loaded 2 times (x 93B)
Class com.google.common.reflect.TypeResolver                                          : loaded 2 times (x 70B)
Class com.google.common.base.Splitter$1                                               : loaded 2 times (x 75B)
Class com.google.common.collect.TransformedListIterator                               : loaded 2 times (x 91B)
Class com.google.common.cache.LocalCache$ValueIterator                                : loaded 2 times (x 84B)
Class com.google.common.base.Ticker$1                                                 : loaded 2 times (x 70B)
Class com.google.common.collect.Maps$BiMapConverter                                   : loaded 2 times (x 88B)
Class org.gradle.api.internal.DefaultClassPathRegistry                                : loaded 2 times (x 74B)
Class com.google.common.collect.AbstractIterator$State                                : loaded 2 times (x 77B)
Class [Lorg.objectweb.asm.Symbol;                                                     : loaded 2 times (x 67B)
Class com.google.common.util.concurrent.AbstractFuture$Cancellation                   : loaded 2 times (x 70B)
Class com.google.common.collect.Interner                                              : loaded 2 times (x 68B)
Class com.google.common.collect.ImmutableSet$SetBuilderImpl                           : loaded 2 times (x 74B)
Class org.gradle.api.internal.classpath.DefaultModuleRegistry$DefaultModule           : loaded 2 times (x 84B)
Class com.google.common.io.LineReader                                                 : loaded 2 times (x 70B)
Class com.google.common.base.CharMatcher$JavaIsoControl                               : loaded 2 times (x 110B)
Class com.google.common.collect.ImmutableMap$1                                        : loaded 2 times (x 79B)
Class com.google.common.base.CharMatcher$Or                                           : loaded 2 times (x 110B)
Class org.gradle.kotlin.dsl.VersionCatalogAccessorsKt                                 : loaded 2 times (x 69B)
Class com.google.common.base.Suppliers$SupplierOfInstance                             : loaded 2 times (x 77B)
Class org.objectweb.asm.RecordComponentVisitor                                        : loaded 2 times (x 75B)
Class com.google.common.reflect.Types$ClassOwnership$1                                : loaded 2 times (x 78B)
Class com.google.common.reflect.Invokable                                             : loaded 2 times (x 99B)
Class com.google.common.reflect.Types$ClassOwnership$2                                : loaded 2 times (x 78B)
Class com.google.common.reflect.Types$ClassOwnership$3                                : loaded 2 times (x 69B)
Class com.google.common.cache.LocalCache$HashIterator                                 : loaded 2 times (x 84B)
Class com.google.common.collect.Iterables                                             : loaded 2 times (x 69B)
Class com.google.common.base.CharMatcher$JavaLowerCase                                : loaded 2 times (x 109B)
Class com.google.common.cache.LocalCache$WriteThroughEntry                            : loaded 2 times (x 77B)
Class org.objectweb.asm.ClassTooLargeException                                        : loaded 2 times (x 81B)
Class org.gradle.api.internal.classpath.UnknownModuleException                        : loaded 2 times (x 80B)
Class com.google.common.collect.FluentIterable                                        : loaded 2 times (x 79B)
Class com.google.common.util.concurrent.AbstractFuture$Listener                       : loaded 2 times (x 70B)
Class com.google.common.collect.CollectSpliterators$1                                 : loaded 2 times (x 88B)
Class com.google.common.collect.MapMakerInternalMap$StrongKeyDummyValueEntry$LinkedStrongKeyDummyValueEntry: loaded 2 times (x 80B)
Class com.google.common.collect.Iterables$4                                           : loaded 2 times (x 79B)
Class org.objectweb.asm.Edge                                                          : loaded 2 times (x 70B)
Class com.google.common.collect.Maps$EntryTransformer                                 : loaded 2 times (x 68B)
Class com.google.common.collect.ImmutableCollection$Builder                           : loaded 2 times (x 74B)
Class [Lorg.objectweb.asm.SymbolTable$Entry;                                          : loaded 2 times (x 67B)
Class com.google.common.reflect.Types$JavaVersion                                     : loaded 2 times (x 81B)
Class com.google.common.collect.SingletonImmutableBiMap                               : loaded 2 times (x 141B)
Class com.google.common.base.CommonPattern                                            : loaded 2 times (x 72B)
Class com.google.common.base.Suppliers$MemoizingSupplier                              : loaded 2 times (x 77B)
Class com.google.common.base.Suppliers                                                : loaded 2 times (x 69B)
Class [Lcom.google.common.collect.Iterators$EmptyModifiableIterator;                  : loaded 2 times (x 67B)
Class org.objectweb.asm.ClassVisitor                                                  : loaded 2 times (x 86B)
Class com.google.common.collect.MapMakerInternalMap$StrongKeyDummyValueEntry          : loaded 2 times (x 80B)
Class com.google.common.cache.LoadingCache                                            : loaded 2 times (x 68B)
Class org.gradle.internal.service.ServiceLookupException                              : loaded 2 times (x 80B)
Class com.google.common.collect.MapMakerInternalMap$StrongKeyDummyValueSegment        : loaded 2 times (x 140B)
Class org.gradle.cache.GlobalCache                                                    : loaded 2 times (x 68B)
Class com.google.common.base.Present                                                  : loaded 2 times (x 79B)
Class com.google.common.base.CharMatcher$NegatedFastMatcher                           : loaded 2 times (x 111B)
Class [Lorg.gradle.api.internal.ClassPathProvider;                                    : loaded 2 times (x 67B)
Class com.google.common.util.concurrent.AbstractFuture$SafeAtomicHelper               : loaded 2 times (x 77B)
Class com.google.common.collect.ImmutableMultimap$Values                              : loaded 2 times (x 124B)
Class org.gradle.util.internal.GUtil                                                  : loaded 2 times (x 69B)
Class com.google.common.math.IntMath                                                  : loaded 2 times (x 69B)
Class [Lcom.google.common.reflect.Types$JavaVersion;                                  : loaded 2 times (x 67B)
Class com.google.common.collect.AbstractIterator                                      : loaded 2 times (x 80B)
Class org.gradle.internal.classloader.ClassLoaderSpec                                 : loaded 2 times (x 69B)
Class com.google.common.io.LineProcessor                                              : loaded 2 times (x 68B)
Class com.google.common.base.NullnessCasts                                            : loaded 2 times (x 69B)
Class com.google.common.io.CharSink                                                   : loaded 2 times (x 77B)
Class org.objectweb.asm.Frame                                                         : loaded 2 times (x 71B)
Class com.google.common.cache.LocalCache$LocalManualCache                             : loaded 2 times (x 97B)
Class com.google.common.collect.AbstractMapEntry                                      : loaded 2 times (x 79B)
Class com.google.common.collect.ImmutableList$Builder                                 : loaded 2 times (x 75B)
Class com.google.common.base.CharMatcher$Negated                                      : loaded 2 times (x 111B)
Class com.google.common.cache.CacheLoader$1                                           : loaded 2 times (x 73B)
Class [Lcom.google.common.collect.MapMakerInternalMap$Strength;                       : loaded 2 times (x 67B)
Class com.google.common.util.concurrent.AbstractFuture$TrustedFuture                  : loaded 2 times (x 95B)
Class com.google.common.collect.MapMakerInternalMap$InternalEntry                     : loaded 2 times (x 68B)
Class com.google.common.collect.Maps$ViewCachingAbstractMap                           : loaded 2 times (x 123B)
Class com.google.common.collect.Sets                                                  : loaded 2 times (x 69B)
Class com.google.common.collect.ImmutableSet$Builder                                  : loaded 2 times (x 83B)
Class com.google.common.collect.MapMakerInternalMap                                   : loaded 2 times (x 159B)
Class com.google.common.base.CharMatcher$ForPredicate                                 : loaded 2 times (x 110B)
Class com.google.common.collect.ImmutableMap$MapViewOfValuesAsSingletonSets           : loaded 2 times (x 123B)
Class com.google.common.collect.ImmutableMapKeySet                                    : loaded 2 times (x 148B)
Class com.google.common.base.MoreObjects                                              : loaded 2 times (x 69B)
Class com.google.common.collect.SortedMapDifference                                   : loaded 2 times (x 68B)
Class org.objectweb.asm.SymbolTable                                                   : loaded 2 times (x 70B)
Class [Lorg.objectweb.asm.AnnotationVisitor;                                          : loaded 2 times (x 67B)
Class com.google.common.cache.CacheStats                                              : loaded 2 times (x 69B)
Class org.objectweb.asm.Attribute                                                     : loaded 2 times (x 75B)
Class org.gradle.internal.classloader.VisitableURLClassLoader                         : loaded 2 times (x 115B)
Class com.google.common.cache.LocalCache$LocalLoadingCache                            : loaded 2 times (x 132B)
Class com.google.common.base.Supplier                                                 : loaded 2 times (x 68B)
Class com.google.common.collect.ImmutableMultimap$Keys                                : loaded 2 times (x 164B)
Class com.google.common.base.Objects                                                  : loaded 2 times (x 69B)
Class com.google.common.util.concurrent.AbstractFuture$AtomicHelper                   : loaded 2 times (x 76B)
Class com.google.common.collect.ImmutableBiMap                                        : loaded 2 times (x 141B)
Class org.gradle.internal.Cast                                                        : loaded 2 times (x 69B)
Class com.google.common.hash.PrimitiveSink                                            : loaded 2 times (x 68B)
Class com.google.common.collect.NullnessCasts                                         : loaded 2 times (x 69B)
Class com.google.common.collect.ImmutableList$1                                       : loaded 2 times (x 95B)
Class org.gradle.api.internal.ClassPathRegistry                                       : loaded 2 times (x 68B)
Class com.google.common.cache.LocalCache$EntryFactory                                 : loaded 2 times (x 81B)
Class com.google.common.util.concurrent.UncheckedExecutionException                   : loaded 2 times (x 80B)
Class com.google.common.collect.ImmutableSet                                          : loaded 2 times (x 143B)
Class org.gradle.internal.classloader.VisitableURLClassLoader$InstrumentingVisitableURLClassLoader: loaded 2 times (x 121B)
Class org.gradle.internal.classloader.ClassLoaderHierarchy                            : loaded 2 times (x 68B)
Class com.google.common.io.Closer$Suppressor                                          : loaded 2 times (x 68B)
Class com.google.common.collect.AbstractMapBasedMultimap$WrappedList                  : loaded 2 times (x 165B)
Class [Lorg.objectweb.asm.Type;                                                       : loaded 2 times (x 67B)
Class com.google.common.collect.MapMakerInternalMap$WeakValueReference                : loaded 2 times (x 68B)
Class com.google.common.base.AbstractIterator$State                                   : loaded 2 times (x 77B)
Class com.google.common.cache.Weigher                                                 : loaded 2 times (x 68B)
Class com.google.common.collect.MapMakerInternalMap$StrongValueEntry                  : loaded 2 times (x 68B)
Class com.google.common.base.CharMatcher$NamedFastMatcher                             : loaded 2 times (x 110B)
Class org.gradle.internal.InternalTransformer                                         : loaded 2 times (x 68B)
Class org.gradle.internal.service.ServiceLocator                                      : loaded 2 times (x 68B)
Class Settings_gradle$1                                                               : loaded 2 times (x 72B)
Class com.google.common.collect.ImmutableRangeSet$1                                   : loaded 2 times (x 169B)
Class com.google.common.util.concurrent.SettableFuture                                : loaded 2 times (x 95B)
Class com.google.common.io.Files$2                                                    : loaded 2 times (x 74B)
Class com.google.common.collect.ImmutableMapEntry                                     : loaded 2 times (x 83B)
Class com.google.common.reflect.Types$ParameterizedTypeImpl                           : loaded 2 times (x 79B)
Class com.google.common.base.CharMatcher$Invisible                                    : loaded 2 times (x 110B)
Class com.google.common.base.Joiner$1                                                 : loaded 2 times (x 78B)
Class com.google.common.collect.MapMaker                                              : loaded 2 times (x 70B)
Class com.google.common.base.Joiner$2                                                 : loaded 2 times (x 77B)
Class com.google.common.collect.ImmutableMultiset                                     : loaded 2 times (x 161B)
Class com.google.common.reflect.Types$JavaVersion$1                                   : loaded 2 times (x 81B)
Class com.google.common.base.CharMatcher$FastMatcher                                  : loaded 2 times (x 109B)
Class com.google.common.reflect.Types$JavaVersion$2                                   : loaded 2 times (x 81B)
Class com.google.common.reflect.Types$JavaVersion$3                                   : loaded 2 times (x 81B)
Class org.gradle.internal.classpath.DefaultClassPath$ImmutableUniqueList              : loaded 2 times (x 159B)
Class com.google.common.reflect.Types$JavaVersion$4                                   : loaded 2 times (x 81B)
Class com.google.common.reflect.Types$JavaVersion$5                                   : loaded 2 times (x 69B)
Class com.google.common.base.CharMatcher$JavaLetter                                   : loaded 2 times (x 109B)
Class com.google.common.collect.ImmutableMultimap$1                                   : loaded 2 times (x 80B)
Class com.google.common.collect.ImmutableMultimap$2                                   : loaded 2 times (x 79B)
Class org.gradle.internal.classpath.TransformedClassPath                              : loaded 2 times (x 94B)
Class com.google.common.collect.MapDifference                                         : loaded 2 times (x 68B)
Class com.google.common.reflect.TypeToken$SimpleTypeToken                             : loaded 2 times (x 71B)
Class com.google.common.collect.Sets$1                                                : loaded 2 times (x 137B)
Class com.google.common.collect.Sets$2                                                : loaded 2 times (x 137B)
Class com.google.common.util.concurrent.AbstractFuture$Trusted                        : loaded 2 times (x 68B)
Class com.google.common.collect.Sets$3                                                : loaded 2 times (x 137B)
Class com.google.common.graph.SuccessorsFunction                                      : loaded 2 times (x 68B)
Class com.google.common.collect.Sets$4                                                : loaded 2 times (x 137B)
Class com.google.common.reflect.Types$NativeTypeVariableEquals                        : loaded 2 times (x 69B)
Class Settings_gradle                                                                 : loaded 2 times (x 126B)
Class com.google.common.io.ByteSink                                                   : loaded 2 times (x 74B)
Class com.google.common.collect.AbstractMapBasedMultimap$WrappedCollection$WrappedIterator: loaded 2 times (x 82B)
Class org.objectweb.asm.MethodWriter                                                  : loaded 2 times (x 104B)
Class com.google.common.collect.Platform                                              : loaded 2 times (x 69B)
Class com.google.common.collect.ImmutableAsList                                       : loaded 2 times (x 169B)
Class com.google.common.util.concurrent.ExecutionError                                : loaded 2 times (x 80B)
Class com.google.common.io.ByteSink$AsCharSink                                        : loaded 2 times (x 78B)
Class com.google.common.base.Equivalence$Identity                                     : loaded 2 times (x 80B)
Class com.google.common.base.CharMatcher$AnyOf                                        : loaded 2 times (x 110B)
Class com.google.common.base.CharMatcher$IsEither                                     : loaded 2 times (x 109B)
Class com.google.common.collect.AbstractIterator$1                                    : loaded 2 times (x 69B)
Class com.google.common.cache.LocalCache                                              : loaded 2 times (x 185B)
Class com.google.common.collect.ImmutableRangeSet$Builder                             : loaded 2 times (x 75B)
Class com.google.common.collect.RegularImmutableList                                  : loaded 2 times (x 172B)
Class com.google.common.util.concurrent.AbstractFuture$UnsafeAtomicHelper$1           : loaded 2 times (x 74B)
Class com.google.common.base.CharMatcher$JavaUpperCase                                : loaded 2 times (x 109B)
Class com.google.common.collect.Multiset                                              : loaded 2 times (x 68B)
Class com.google.common.collect.ImmutableSet$CachingAsList                            : loaded 2 times (x 145B)
Class com.google.common.reflect.Invokable$ConstructorInvokable                        : loaded 2 times (x 103B)
Class org.objectweb.asm.MethodVisitor                                                 : loaded 2 times (x 103B)
Class com.google.common.collect.AbstractMapBasedMultimap$KeySet$1                     : loaded 2 times (x 80B)
Class com.google.common.collect.ImmutableMapEntry$NonTerminalImmutableMapEntry        : loaded 2 times (x 83B)
Class com.google.common.collect.AbstractMapBasedMultimap                              : loaded 2 times (x 137B)


---------------  S Y S T E M  ---------------

OS:
 Windows 11 , 64 bit Build 22621 (10.0.22621.5415)
OS uptime: 0 days 1:44 hours

CPU: total 12 (initial active 12) (6 cores per cpu, 2 threads per core) family 6 model 165 stepping 3 microcode 0x100, cx8, cmov, fxsr, ht, mmx, 3dnowpref, sse, sse2, sse3, ssse3, sse4.1, sse4.2, popcnt, lzcnt, tsc, tscinvbit, avx, avx2, aes, erms, clmul, bmi1, bmi2, adx, fma, vzeroupper, clflush, clflushopt
Processor Information for all 12 processors :
  Max Mhz: 3096, Current Mhz: 3096, Mhz Limit: 3096

Memory: 4k page, system-wide physical 16159M (3421M free)
TotalPageFile size 18326M (AvailPageFile size 3784M)
current process WorkingSet (physical memory assigned to process): 499M, peak: 529M
current process commit charge ("private bytes"): 587M, peak: 609M

vm_info: OpenJDK 64-Bit Server VM (17.0.11+0--11852314) for windows-amd64 JRE (17.0.11+0--11852314), built on May 16 2024 21:29:20 by "androidbuild" with MS VC++ 16.10 / 16.11 (VS2019)

END.
